MVS0924.02 | 100 Measurements per MVS #1
MeasurementNr.,Pulses,Hightime[ms],t_vibration[ms],t_responce[ms],open_before_vibr[bool],open_after_vibr[bool],bad[bool]
1,52,753,204,263,0,0,0
2,106,787,204,261,0,0,0
3,87,774,204,252,0,0,0
4,87,776,204,260,0,0,0
5,121,777,204,254,0,0,0
6,61,771,204,253,0,0,0
7,82,769,204,251,0,0,0
8,108,788,204,256,0,0,0
9,71,804,204,258,0,0,0
10,97,769,204,258,0,1,1
11,61,781,204,254,0,0,0
12,91,848,204,251,0,0,0
13,106,794,204,256,0,0,0
14,104,784,204,245,0,0,0
15,86,774,204,257,0,0,0
16,70,777,204,257,0,0,0
17,105,768,204,253,0,1,1
18,90,779,204,254,0,0,0
19,85,798,204,259,0,0,0
20,107,808,204,258,0,0,0
21,112,799,204,265,0,0,0
22,95,764,204,242,0,0,0
23,106,765,204,258,0,0,0
24,56,775,204,254,0,0,0
25,73,758,204,251,0,0,0
26,85,814,204,272,0,0,0
27,76,763,204,264,0,0,0
28,115,813,204,264,0,0,0
29,73,766,204,256,0,0,0
30,97,785,204,252,0,1,1
31,99,805,204,254,0,0,0
32,70,798,204,257,0,0,0
33,84,787,204,269,0,0,0
34,83,794,204,254,0,0,0
35,74,801,204,258,0,0,0
36,87,793,204,254,0,0,0
37,135,769,204,252,0,1,1
38,134,829,204,250,0,0,0
39,176,809,204,259,0,0,0
40,62,781,204,252,0,0,0
41,96,831,204,261,0,0,0
42,93,739,204,254,0,0,0
43,59,770,204,249,0,0,0
44,54,750,204,259,0,0,0
45,92,764,204,254,0,0,0
46,61,779,204,258,0,1,1
47,87,825,204,248,0,0,0
48,91,759,204,258,0,0,0
49,61,764,204,265,0,0,0
50,94,793,204,256,0,0,0
51,104,814,204,253,0,0,0
52,123,790,204,263,0,0,0
53,90,781,204,248,0,0,0
54,115,776,204,265,0,0,0
55,49,758,204,259,0,0,0
56,78,787,204,236,0,0,0
57,68,766,204,252,0,0,0
58,38,784,204,255,0,0,0
59,99,782,204,258,0,1,1
60,144,793,204,248,0,0,0
61,67,763,204,255,0,0,0
62,69,802,204,250,0,0,0
63,85,776,204,262,0,0,0
64,111,812,204,263,0,0,0
65,111,754,204,256,0,0,0
66,72,774,204,255,0,0,0
67,65,789,204,259,0,0,0
68,94,799,204,253,0,0,0
69,86,788,204,264,0,0,0
70,91,743,204,259,0,0,0
71,88,743,204,258,0,0,0
72,68,799,204,258,0,0,0
73,68,789,204,247,0,0,0
74,72,812,204,257,0,0,0
75,112,800,204,261,0,0,0
76,85,763,204,279,0,0,0
77,49,744,204,246,0,0,0
78,103,714,204,254,0,0,0
79,57,733,204,250,0,0,0
80,88,787,204,251,0,0,0
81,72,574,204,258,0,1,1
82,82,803,204,265,0,0,0
83,94,757,204,265,0,0,0
84,84,780,204,254,0,1,1
85,103,752,204,245,0,0,0
86,76,780,204,253,0,0,0
87,92,778,204,252,0,0,0
88,72,686,204,261,0,0,0
89,35,770,204,272,0,0,0
90,119,760,204,245,0,0,0
91,99,783,204,255,0,0,0
92,89,793,204,259,0,0,0
93,100,802,204,252,0,1,1
94,90,806,204,262,0,0,0
95,95,769,204,253,0,0,0
96,51,801,204,267,0,0,0
97,87,769,204,258,0,1,1
98,74,804,204,247,0,0,0
99,96,786,204,252,0,1,1
100,66,769,204,253,0,0,0
MVS0924.02 | 100 Measurements per MVS  #2
MeasurementNr.,Pulses,Hightime[ms],t_vibration[ms],t_responce[ms],open_before_vibr[bool],open_after_vibr[bool],bad[bool]
1,188,868,204,281,0,0,0
2,104,935,204,268,0,0,0
3,144,879,204,269,0,0,0
4,141,886,204,273,0,0,0
5,130,891,204,279,0,0,0
6,136,876,204,285,0,0,0
7,144,875,204,286,0,0,0
8,106,918,204,272,0,0,0
9,87,911,204,270,0,0,0
10,121,817,204,256,0,0,0
11,113,888,204,264,0,0,0
12,151,894,204,284,0,0,0
13,120,894,204,279,0,0,0
14,139,890,204,268,0,0,0
15,77,926,204,271,0,0,0
16,151,829,204,253,0,0,0
17,102,914,204,291,0,0,0
18,114,909,204,266,0,0,0
19,96,915,204,271,0,0,0
20,127,902,204,273,0,0,0
21,143,872,204,280,0,0,0
22,129,917,204,270,0,0,0
23,112,937,204,293,0,0,0
24,100,951,204,289,0,0,0
25,111,922,204,285,0,0,0
26,126,880,204,253,0,0,0
27,79,928,204,260,0,0,0
28,126,900,204,267,0,0,0
29,105,939,204,278,0,0,0
30,139,914,204,260,0,0,0
31,130,875,204,258,0,0,0
32,162,881,204,257,0,0,0
33,90,908,204,269,0,0,0
34,117,924,204,253,0,0,0
35,132,911,204,246,0,0,0
36,79,929,204,307,0,0,0
37,78,932,204,270,0,0,0
38,114,917,204,274,0,0,0
39,84,860,204,270,0,0,0
40,114,885,204,266,0,0,0
41,87,929,204,283,0,0,0
42,107,936,204,282,0,0,0
43,85,947,204,260,0,0,0
44,81,928,204,268,0,0,0
45,130,816,204,259,0,0,0
46,113,887,204,269,0,0,0
47,149,870,204,303,0,0,0
48,109,792,204,255,0,0,0
49,141,819,204,257,0,0,0
50,134,909,204,248,0,0,0
51,110,894,204,252,0,0,0
52,119,906,204,278,0,0,0
53,109,885,204,258,0,0,0
54,141,847,204,277,0,0,0
55,126,862,204,272,0,0,0
56,137,878,204,258,0,0,0
57,150,858,204,272,0,0,0
58,113,915,204,251,0,0,0
59,49,958,204,248,0,1,1
60,134,874,204,257,0,0,0
61,113,890,204,270,0,0,0
62,46,973,204,265,0,0,0
63,58,968,204,268,0,0,0
64,103,942,204,259,0,0,0
65,103,923,204,272,0,0,0
66,115,911,204,293,0,0,0
67,113,867,204,259,0,0,0
68,156,800,204,262,0,0,0
69,135,873,204,261,0,0,0
70,106,883,204,255,0,0,0
71,203,855,204,258,0,0,0
72,139,885,204,265,0,0,0
73,99,807,204,264,0,0,0
74,107,879,204,267,0,0,0
75,134,902,204,287,0,1,1
76,213,843,204,252,0,0,0
77,128,882,204,262,0,0,0
78,113,876,204,260,0,0,0
79,67,917,204,300,0,0,0
80,73,869,204,278,0,0,0
81,78,893,204,269,0,0,0
82,118,919,204,272,0,1,1
83,92,943,204,271,0,0,0
84,34,978,204,267,0,0,0
85,100,924,204,257,0,0,0
86,103,928,204,265,0,0,0
87,108,936,204,260,0,0,0
88,98,903,204,258,0,0,0
89,133,884,204,265,0,0,0
90,133,919,204,273,0,0,0
91,142,891,204,282,0,0,0
92,126,902,204,284,0,0,0
93,135,926,204,285,0,0,0
94,122,925,204,283,0,0,0
95,134,880,204,246,0,0,0
96,138,896,204,257,0,0,0
97,127,871,204,272,0,0,0
98,117,915,204,284,0,0,0
99,101,928,204,287,0,1,1
100,118,936,204,255,0,0,0
MVS0924.02 | 100 Measurements per MVS  #3
MeasurementNr.,Pulses,Hightime[ms],t_vibration[ms],t_responce[ms],open_before_vibr[bool],open_after_vibr[bool],bad[bool]
1,65,739,204,240,0,0,0
2,58,747,204,256,0,0,0
3,51,726,204,248,0,0,0
4,56,723,204,267,0,0,0
5,77,776,204,259,0,0,0
6,69,741,204,242,0,0,0
7,61,755,204,271,0,0,0
8,52,732,204,250,0,0,0
9,48,745,204,262,0,0,0
10,65,697,204,264,0,1,1
11,54,707,204,252,0,0,0
12,56,799,204,281,0,0,0
13,79,764,204,245,0,0,0
14,44,700,204,258,0,0,0
15,42,733,204,238,0,0,0
16,43,726,204,250,0,0,0
17,98,768,204,247,0,0,0
18,74,725,204,258,0,0,0
19,66,777,204,247,0,1,1
20,109,720,204,257,0,0,0
21,79,667,204,256,0,0,0
22,42,683,204,256,0,0,0
23,53,752,204,245,0,0,0
24,56,718,204,270,0,0,0
25,84,792,204,260,0,0,0
26,133,794,204,263,0,0,0
27,83,735,204,275,0,0,0
28,56,733,204,251,0,0,0
29,56,744,204,247,0,0,0
30,53,754,204,266,0,0,0
31,73,729,204,244,0,0,0
32,43,698,204,250,0,0,0
33,30,690,204,256,0,1,1
34,34,657,204,248,0,0,0
35,67,724,204,259,0,0,0
36,56,729,204,251,0,0,0
37,63,744,204,245,0,0,0
38,61,775,204,249,0,0,0
39,43,713,204,258,0,0,0
40,89,705,204,252,0,0,0
41,61,743,204,265,0,0,0
42,46,711,204,260,0,0,0
43,51,745,204,261,0,0,0
44,67,787,204,240,0,0,0
45,88,787,204,252,0,0,0
46,51,757,204,256,0,1,1
47,54,737,204,257,0,0,0
48,62,763,204,251,0,0,0
49,53,799,204,266,0,0,0
50,51,782,204,258,0,0,0
51,68,796,204,255,0,0,0
52,41,722,204,259,0,0,0
53,76,708,204,254,0,0,0
54,29,711,204,262,0,0,0
55,43,682,204,263,0,0,0
56,145,711,204,265,0,1,1
57,58,699,204,270,0,0,0
58,81,689,204,258,0,0,0
59,80,691,204,255,0,0,0
60,64,717,204,256,0,0,0
61,118,703,204,261,0,1,1
62,27,711,204,256,0,0,0
63,72,723,204,271,0,0,0
64,78,775,204,257,0,0,0
65,50,739,204,265,0,0,0
66,52,717,204,239,0,0,0
67,55,714,204,251,0,0,0
68,70,752,204,235,0,0,0
69,69,765,204,256,0,0,0
70,36,757,204,251,0,0,0
71,68,739,204,247,0,0,0
72,46,734,204,242,0,0,0
73,34,767,204,266,0,0,0
74,62,734,204,268,0,0,0
75,52,733,204,264,0,0,0
76,28,665,204,261,0,0,0
77,76,759,204,250,0,1,1
78,70,629,204,257,0,1,1
79,37,750,204,246,0,0,0
80,87,726,204,263,0,0,0
81,80,756,204,254,0,0,0
82,55,750,204,271,0,0,0
83,66,728,204,249,0,0,0
84,34,733,204,259,0,1,1
85,55,756,204,256,0,0,0
86,103,749,204,260,0,1,1
87,88,736,204,244,0,0,0
88,96,724,204,246,0,1,1
89,53,728,204,254,0,0,0
90,37,686,204,258,0,0,0
91,55,715,204,249,0,0,0
92,62,719,204,247,0,0,0
93,102,726,204,258,0,0,0
94,59,749,204,252,0,0,0
95,71,742,204,266,0,1,1
96,79,737,204,259,0,0,0
97,54,689,204,248,0,0,0
98,64,694,204,257,0,0,0
99,70,728,204,256,0,1,1
100,91,760,204,254,0,1,1
MVS0924.02 | 100 Measurements per MVS  #4
MeasurementNr.,Pulses,Hightime[ms],t_vibration[ms],t_responce[ms],open_before_vibr[bool],open_after_vibr[bool],bad[bool]
1,66,737,204,268,0,0,0
2,78,794,204,257,0,0,0
3,145,871,204,256,0,0,0
4,114,892,204,267,0,0,0
5,176,873,204,266,0,0,0
6,151,892,204,273,0,0,0
7,165,925,204,248,0,0,0
8,196,922,204,249,0,0,0
9,69,759,204,266,0,0,0
10,82,762,204,283,0,0,0
11,49,740,204,256,0,0,0
12,97,762,204,254,0,0,0
13,95,776,204,271,0,0,0
14,37,765,204,274,0,0,0
15,88,796,204,280,0,1,1
16,109,836,204,276,0,0,0
17,87,725,204,261,0,1,1
18,63,735,204,248,0,0,0
19,123,793,204,267,0,0,0
20,118,685,204,267,0,0,0
21,55,696,204,264,0,0,0
22,42,747,204,270,0,1,1
23,52,727,204,261,0,0,0
24,86,730,204,256,0,0,0
25,92,803,204,244,0,1,1
26,120,807,204,259,0,0,0
27,101,787,204,258,0,0,0
28,84,842,204,267,0,0,0
29,118,806,204,252,0,0,0
30,63,723,204,257,0,0,0
31,59,747,204,261,0,0,0
32,57,797,204,255,0,0,0
33,49,741,204,279,0,0,0
34,56,701,204,256,0,0,0
35,35,707,204,260,0,0,0
36,53,702,204,267,0,0,0
37,59,777,204,260,0,0,0
38,102,882,204,259,0,0,0
39,118,847,204,261,0,0,0
40,148,873,204,269,0,0,0
41,113,818,204,268,0,0,0
42,44,707,204,266,0,0,0
43,24,726,204,252,0,0,0
44,42,734,204,256,0,0,0
45,71,841,204,268,0,0,0
46,128,784,204,259,0,1,1
47,81,795,204,273,0,0,0
48,91,827,204,273,0,0,0
49,132,806,204,265,0,0,0
50,52,756,204,268,0,0,0
51,66,777,204,268,0,0,0
52,40,757,204,263,0,0,0
53,51,768,204,266,0,0,0
54,123,772,204,267,0,0,0
55,96,791,204,255,0,0,0
56,62,751,204,259,0,0,0
57,57,777,204,257,0,0,0
58,82,729,204,267,0,0,0
59,50,731,204,253,0,0,0
60,51,806,204,257,0,0,0
61,97,792,204,256,0,0,0
62,110,788,204,266,0,0,0
63,86,817,204,268,0,0,0
64,102,793,204,254,0,0,0
65,70,764,204,282,0,0,0
66,74,806,204,265,0,0,0
67,107,836,204,265,0,0,0
68,71,801,204,242,0,0,0
69,49,768,204,259,0,0,0
70,92,764,204,265,0,0,0
71,73,792,204,267,0,0,0
72,101,781,204,258,0,0,0
73,54,791,204,260,0,0,0
74,93,740,204,256,0,0,0
75,89,798,204,253,0,1,1
76,89,794,204,256,0,0,0
77,69,814,204,249,0,0,0
78,147,846,204,246,0,0,0
79,125,827,204,269,0,0,0
80,108,785,204,268,0,1,1
81,78,797,204,258,0,0,0
82,100,744,204,262,0,1,1
83,67,760,204,272,0,0,0
84,79,772,204,256,0,0,0
85,51,821,204,266,0,0,0
86,92,827,204,286,0,0,0
87,84,749,204,264,0,0,0
88,66,791,204,257,0,0,0
89,86,769,204,270,0,0,0
90,74,766,204,252,0,0,0
91,112,792,204,261,0,0,0
92,62,799,204,278,0,0,0
93,74,843,204,256,0,0,0
94,111,758,204,253,0,0,0
95,92,744,204,259,0,0,0
96,29,721,204,267,0,0,0
97,72,761,204,254,0,0,0
98,73,767,204,258,0,0,0
99,98,786,204,252,0,0,0
100,48,808,204,242,0,0,0
MVS0924.02 | 100 Measurements per MVS  #5
MeasurementNr.,Pulses,Hightime[ms],t_vibration[ms],t_responce[ms],open_before_vibr[bool],open_after_vibr[bool],bad[bool]
1,66,761,204,293,0,0,0
2,43,754,204,263,0,0,0
3,58,807,204,255,0,0,0
4,123,757,204,256,0,0,0
5,74,869,204,256,0,0,0
6,130,671,204,272,0,1,1
7,97,882,204,270,0,0,0
8,61,798,204,260,0,0,0
9,61,802,204,267,0,0,0
10,72,801,204,287,0,0,0
11,67,752,204,276,0,0,0
12,57,795,204,255,0,0,0
13,105,828,204,277,0,0,0
14,108,776,204,269,0,0,0
15,100,816,204,260,0,0,0
16,85,759,204,262,0,0,0
17,90,761,204,260,0,1,1
18,82,742,204,253,0,0,0
19,81,778,204,264,0,0,0
20,135,815,204,259,0,0,0
21,85,807,204,278,0,0,0
22,145,822,204,254,0,0,0
23,130,796,204,263,0,0,0
24,68,752,204,264,0,0,0
25,73,793,204,253,0,0,0
26,112,836,204,279,0,0,0
27,97,825,204,270,0,0,0
28,86,802,204,255,0,0,0
29,84,747,204,264,0,0,0
30,90,748,204,251,0,0,0
31,114,744,204,250,0,0,0
32,93,810,204,260,0,0,0
33,85,848,204,275,0,0,0
34,136,906,204,261,0,0,0
35,82,816,204,262,0,0,0
36,113,783,204,278,0,0,0
37,91,762,204,250,0,0,0
38,90,739,204,265,0,0,0
39,101,761,204,253,0,0,0
40,48,841,204,275,0,0,0
41,85,835,204,286,0,0,0
42,152,799,204,254,0,0,0
43,120,854,204,267,0,0,0
44,86,836,204,262,0,0,0
45,98,740,204,260,0,0,0
46,86,744,204,257,0,0,0
47,115,787,204,267,0,0,0
48,52,744,204,252,0,0,0
49,77,705,204,261,0,0,0
50,59,734,204,251,0,0,0
51,60,743,204,245,0,0,0
52,60,810,204,266,0,0,0
53,68,702,204,257,0,1,1
54,122,796,204,259,0,0,0
55,117,826,204,256,0,0,0
56,130,815,204,279,0,0,0
57,100,759,204,255,0,0,0
58,98,742,204,246,0,0,0
59,44,794,204,274,0,0,0
60,79,783,204,252,0,0,0
61,53,849,204,283,0,0,0
62,120,818,204,286,0,0,0
63,117,781,204,261,0,0,0
64,85,773,204,265,0,0,0
65,62,781,204,250,0,0,0
66,103,768,204,263,0,0,0
67,116,810,204,243,0,0,0
68,106,809,204,252,0,0,0
69,110,819,204,267,0,0,0
70,87,818,204,286,0,0,0
71,91,755,204,263,0,0,0
72,106,740,204,275,0,0,0
73,108,779,204,240,0,0,0
74,84,756,204,258,0,0,0
75,140,804,204,268,0,0,0
76,146,831,204,274,0,0,0
77,87,763,204,256,0,0,0
78,100,725,204,261,0,0,0
79,77,812,204,272,0,0,0
80,171,464,204,268,0,1,1
81,98,759,204,259,0,0,0
82,123,875,204,273,0,0,0
83,109,760,204,256,0,0,0
84,96,728,204,265,0,0,0
85,78,718,204,250,0,0,0
86,97,751,204,275,0,0,0
87,102,813,204,269,0,0,0
88,73,797,204,264,0,0,0
89,96,804,204,262,0,0,0
90,185,790,204,250,0,0,0
91,107,831,204,244,0,0,0
92,98,897,204,282,0,0,0
93,135,858,204,256,0,0,0
94,82,747,204,261,0,0,0
95,81,732,204,257,0,0,0
96,141,745,204,256,0,0,0
97,124,770,204,252,0,0,0
98,94,853,204,259,0,0,0
99,73,812,204,253,0,0,0
100,107,785,204,279,0,0,0
MVS0924.02 | 100 Measurements per MVS  #6
MeasurementNr.,Pulses,Hightime[ms],t_vibration[ms],t_responce[ms],open_before_vibr[bool],open_after_vibr[bool],bad[bool]
1,59,782,204,260,0,0,0
2,52,737,204,268,0,0,0
3,80,762,204,266,0,0,0
4,59,835,204,264,0,0,0
5,114,848,204,262,0,0,0
6,77,752,204,264,0,0,0
7,67,723,204,259,0,0,0
8,65,755,204,262,0,1,1
9,130,779,204,257,0,0,0
10,89,751,204,248,0,0,0
11,109,806,204,247,0,0,0
12,78,805,204,258,0,0,0
13,116,815,204,259,0,0,0
14,128,858,204,270,0,0,0
15,106,812,204,263,0,0,0
16,92,779,204,262,0,0,0
17,69,764,204,252,0,0,0
18,69,793,204,259,0,0,0
19,86,781,204,253,0,0,0
20,119,825,204,257,0,0,0
21,166,912,204,281,0,0,0
22,155,885,204,269,0,0,0
23,92,766,204,257,0,0,0
24,76,780,204,251,0,0,0
25,93,782,204,255,0,0,0
26,96,837,204,279,0,0,0
27,162,827,204,250,0,0,0
28,185,838,204,264,0,0,0
29,97,789,204,269,0,0,0
30,90,781,204,259,0,0,0
31,100,796,204,263,0,0,0
32,163,789,204,264,0,1,1
33,102,811,204,259,0,0,0
34,78,795,204,255,0,0,0
35,76,779,204,267,0,0,0
36,74,799,204,247,0,1,1
37,130,807,204,261,0,0,0
38,134,813,204,254,0,1,1
39,116,823,204,252,0,0,0
40,160,807,204,256,0,0,0
41,63,768,204,255,0,0,0
42,93,795,204,254,0,0,0
43,116,835,204,262,0,0,0
44,171,859,204,256,0,0,0
45,118,794,204,252,0,1,1
46,119,782,204,259,0,0,0
47,53,741,204,254,0,0,0
48,61,778,204,273,0,0,0
49,62,759,204,256,0,0,0
50,82,774,204,266,0,0,0
51,103,792,204,257,0,0,0
52,109,791,204,257,0,1,1
53,101,753,204,258,0,1,1
54,83,788,204,255,0,0,0
55,93,799,204,254,0,0,0
56,144,818,204,264,0,0,0
57,132,786,204,261,0,0,0
58,86,784,204,254,0,0,0
59,101,813,204,251,0,0,0
60,150,816,204,237,0,0,0
61,128,831,204,260,0,1,1
62,105,855,204,241,0,0,0
63,127,811,204,273,0,0,0
64,141,797,204,253,0,0,0
65,147,864,204,259,0,0,0
66,248,891,204,262,0,0,0
67,183,799,204,265,0,0,0
68,95,822,204,269,0,0,0
69,119,873,204,258,0,0,0
70,160,825,204,273,0,0,0
71,29,729,204,267,0,0,0
72,92,758,204,249,0,1,1
73,121,818,204,259,0,0,0
74,134,804,204,283,0,0,0
75,172,873,204,261,0,0,0
76,164,878,204,269,0,0,0
77,199,873,204,268,0,1,1
78,115,803,204,268,0,1,1
79,199,842,204,254,0,1,1
80,99,765,204,255,0,0,0
81,96,759,204,258,0,0,0
82,168,808,204,251,0,0,0
83,241,918,204,252,0,0,0
84,134,807,204,258,0,1,1
85,111,768,204,260,0,0,0
86,77,761,204,244,0,0,0
87,52,729,204,250,0,0,0
88,51,755,204,264,0,1,1
89,90,808,204,259,0,1,1
90,116,802,204,254,0,0,0
91,124,804,204,255,0,0,0
92,68,793,204,264,0,0,0
93,93,785,204,251,0,0,0
94,65,763,204,258,0,0,0
95,62,755,204,259,0,0,0
96,69,832,204,257,0,0,0
97,141,855,204,250,0,0,0
98,126,824,204,278,0,0,0
99,126,805,204,263,0,0,0
100,101,756,204,259,0,0,0
MVS0924.02 | 100 Measurements per MVS  #7
MeasurementNr.,Pulses,Hightime[ms],t_vibration[ms],t_responce[ms],open_before_vibr[bool],open_after_vibr[bool],bad[bool]
1,67,768,204,265,0,0,0
2,101,813,204,249,0,0,0
3,111,788,204,252,0,1,1
4,59,766,204,251,0,0,0
5,128,729,204,253,0,1,1
6,145,785,204,248,0,1,1
7,145,845,204,264,0,1,1
8,83,759,204,261,0,0,0
9,79,757,204,253,0,0,0
10,65,789,204,263,0,0,0
11,72,771,204,260,0,0,0
12,61,802,204,260,0,0,0
13,77,790,204,271,0,0,0
14,141,754,204,256,0,0,0
15,70,797,204,241,0,0,0
16,38,758,204,261,0,0,0
17,98,791,204,250,0,1,1
18,99,751,204,260,0,0,0
19,60,761,204,257,0,0,0
20,65,779,204,294,0,0,0
21,67,802,204,253,0,0,0
22,71,815,204,270,0,0,0
23,148,773,204,282,0,0,0
24,47,767,204,271,0,0,0
25,77,781,204,272,0,0,0
26,108,803,204,250,0,0,0
27,113,797,204,266,0,1,1
28,89,729,204,252,0,0,0
29,92,771,204,266,0,0,0
30,51,781,204,251,0,0,0
31,63,823,204,258,0,0,0
32,80,768,204,265,0,0,0
33,63,750,204,261,0,0,0
34,94,799,204,254,0,0,0
35,120,788,204,275,0,1,1
36,181,761,204,261,0,1,1
37,137,773,204,259,0,1,1
38,79,788,204,245,0,1,1
39,64,796,204,260,0,0,0
40,76,777,204,256,0,0,0
41,106,782,204,249,0,0,0
42,53,767,204,267,0,0,0
43,80,794,204,259,0,1,1
44,108,773,204,246,0,1,1
45,126,802,204,263,0,1,1
46,124,779,204,267,0,1,1
47,100,777,204,254,0,1,1
48,122,816,204,249,0,0,0
49,86,713,204,276,0,0,0
50,89,724,204,255,0,0,0
51,75,761,204,259,0,0,0
52,79,772,204,257,0,0,0
53,126,718,204,255,0,0,0
54,45,759,204,262,0,0,0
55,70,763,204,261,0,0,0
56,44,790,204,262,0,0,0
57,72,803,204,248,0,0,0
58,102,798,204,250,0,0,0
59,88,822,204,267,0,0,0
60,89,773,204,263,0,0,0
61,115,777,204,275,0,0,0
62,135,777,204,259,0,1,1
63,138,786,204,251,0,0,0
64,90,785,204,258,0,0,0
65,70,814,204,254,0,0,0
66,109,806,204,254,0,1,1
67,137,786,204,248,0,1,1
68,59,765,204,264,0,1,1
69,138,827,204,263,0,0,0
70,149,764,204,260,0,0,0
71,51,752,204,254,0,1,1
72,160,750,204,262,0,1,1
73,89,758,204,265,0,1,1
74,82,789,204,277,0,1,1
75,89,786,204,261,0,0,0
76,65,839,204,264,0,1,1
77,125,745,204,259,0,1,1
78,57,772,204,252,0,0,0
79,155,771,204,253,0,0,0
80,90,770,204,271,0,0,0
81,77,758,204,273,0,1,1
82,98,766,204,263,0,1,1
83,108,789,204,261,0,0,0
84,76,785,204,262,0,0,0
85,82,810,204,251,0,0,0
86,78,800,204,261,0,0,0
87,90,793,204,248,0,1,1
88,62,764,204,256,0,1,1
89,80,809,204,252,0,1,1
90,118,782,204,261,0,0,0
91,113,834,204,293,0,0,0
92,146,791,204,266,0,0,0
93,90,802,204,258,0,0,0
94,57,792,204,259,0,1,1
95,94,786,204,253,0,0,0
96,85,763,204,254,0,0,0
97,89,779,204,267,0,0,0
98,83,836,204,275,0,0,0
99,84,841,204,301,0,0,0
100,45,816,204,271,0,0,0
MVS0924.02 | 100 Measurements per MVS  #8
MeasurementNr.,Pulses,Hightime[ms],t_vibration[ms],t_responce[ms],open_before_vibr[bool],open_after_vibr[bool],bad[bool]
1,43,718,204,253,0,0,0
2,41,739,204,283,0,0,0
3,38,765,204,280,0,0,0
4,33,766,204,256,0,0,0
5,39,763,204,250,0,1,1
6,41,688,204,247,0,0,0
7,45,772,204,253,0,0,0
8,82,759,204,260,0,0,0
9,44,696,204,254,0,0,0
10,71,779,204,251,0,0,0
11,52,774,204,267,0,0,0
12,31,760,204,259,0,0,0
13,64,761,204,272,0,0,0
14,47,757,204,258,0,0,0
15,74,744,204,256,0,0,0
16,69,750,204,250,0,0,0
17,26,332,204,249,0,1,1
18,63,450,204,204,1,0,1
19,51,775,204,255,0,0,0
20,47,728,204,252,0,0,0
21,40,802,204,255,0,0,0
22,35,735,204,278,0,0,0
23,42,766,204,252,0,0,0
24,43,677,204,273,0,0,0
25,49,710,204,253,0,1,1
26,48,748,204,247,0,1,1
27,59,755,204,252,0,1,1
28,67,768,204,272,0,0,0
29,98,781,204,270,0,1,1
30,46,719,204,253,0,0,0
31,52,717,204,256,0,1,1
32,50,694,204,246,0,0,0
33,44,715,204,258,0,1,1
34,33,617,204,255,0,1,1
35,35,700,204,255,0,0,0
36,26,734,204,246,0,0,0
37,31,704,204,252,0,0,0
38,38,741,204,281,0,0,0
39,80,755,204,257,0,0,0
40,38,699,204,257,0,0,0
41,31,681,204,253,0,0,0
42,18,250,204,250,0,1,1
43,28,382,204,204,1,0,1
44,23,264,204,260,0,1,1
45,47,343,204,204,1,0,1
46,35,642,204,254,0,0,0
47,19,752,204,276,0,0,0
48,33,623,204,254,0,0,0
49,41,628,204,258,0,0,0
50,33,704,204,260,0,1,1
51,31,602,204,261,0,0,0
52,34,672,204,251,0,0,0
53,30,634,204,266,0,0,0
54,48,708,204,261,0,1,1
55,49,646,204,251,0,0,0
56,36,664,204,257,0,0,0
57,38,633,204,259,0,0,0
58,85,773,204,266,0,0,0
59,33,615,204,264,0,0,0
60,52,658,204,248,0,0,0
61,24,548,204,260,0,0,0
62,43,597,204,240,0,0,0
63,17,565,204,261,0,0,0
64,23,555,204,256,0,0,0
65,24,647,204,257,0,0,0
66,39,269,204,262,0,1,1
67,42,433,204,204,1,0,1
68,26,631,204,252,0,0,0
69,40,643,204,248,0,0,0
70,31,716,204,259,0,0,0
71,47,715,204,259,0,0,0
72,35,708,204,244,0,0,0
73,40,755,204,242,0,0,0
74,55,768,204,278,0,0,0
75,39,713,204,267,0,0,0
76,80,736,204,271,0,1,1
77,28,273,204,264,0,1,1
78,53,448,204,204,1,0,1
79,31,697,204,258,0,0,0
80,54,782,204,272,0,0,0
81,63,725,204,251,0,0,0
82,24,718,204,252,0,0,0
83,45,758,204,257,0,0,0
84,73,743,204,252,0,0,0
85,57,748,204,261,0,0,0
86,46,682,204,261,0,0,0
87,43,693,204,249,0,0,0
88,39,658,204,260,0,0,0
89,29,474,204,255,0,1,1
90,56,705,204,258,0,1,1
91,45,741,204,261,0,0,0
92,44,759,204,252,0,0,0
93,26,672,204,250,0,0,0
94,41,725,204,254,0,0,0
95,47,729,204,274,0,0,0
96,39,719,204,238,0,0,0
97,77,712,204,248,0,0,0
98,35,682,204,254,0,0,0
99,28,687,204,265,0,0,0
100,30,699,204,255,0,0,0
MVS0924.02 | 100 Measurements per MVS #9
MeasurementNr.,Pulses,Hightime[ms],t_vibration[ms],t_responce[ms],open_before_vibr[bool],open_after_vibr[bool],bad[bool]
1,64,788,204,261,0,0,0
2,76,832,204,329,0,0,0
3,80,771,204,263,0,0,0
4,66,780,204,253,0,0,0
5,105,841,204,245,0,0,0
6,122,783,204,240,0,1,1
7,108,797,204,241,0,0,0
8,114,772,204,272,0,1,1
9,38,765,204,262,0,0,0
10,72,823,204,265,0,0,0
11,187,900,204,266,0,1,1
12,131,827,204,267,0,0,0
13,118,669,204,251,0,0,0
14,82,740,204,256,0,0,0
15,55,721,204,247,0,0,0
16,65,799,204,251,0,0,0
17,73,833,204,313,0,0,0
18,101,705,204,268,0,1,1
19,85,736,204,259,0,0,0
20,72,847,204,317,0,0,0
21,111,638,204,257,0,0,0
22,30,693,204,247,0,1,1
23,53,687,204,268,0,1,1
24,45,672,204,253,0,0,0
25,67,728,204,243,0,0,0
26,88,798,204,266,0,1,1
27,100,761,204,261,0,0,0
28,96,764,204,246,0,0,0
29,83,770,204,250,0,0,0
30,100,856,204,332,0,1,1
31,49,549,204,265,0,1,1
32,35,666,204,249,0,0,0
33,66,767,204,253,0,0,0
34,100,771,204,255,0,1,1
35,120,782,204,258,0,0,0
36,158,778,204,259,0,1,1
37,47,720,204,258,0,0,0
38,133,780,204,259,0,1,1
39,76,820,204,266,0,1,1
40,121,800,204,247,0,0,0
41,127,770,204,253,0,0,0
42,31,700,204,256,0,0,0
43,47,746,204,255,0,0,0
44,69,741,204,277,0,0,0
45,26,729,204,252,0,0,0
46,74,732,204,246,0,0,0
47,78,850,204,324,0,0,0
48,102,792,204,267,0,1,1
49,100,742,204,267,0,0,0
50,92,792,204,245,0,0,0
51,61,748,204,257,0,0,0
52,68,725,204,247,0,0,0
53,50,687,204,270,0,0,0
54,74,764,204,252,0,0,0
55,107,814,204,247,0,0,0
56,83,707,204,255,0,0,0
57,69,806,204,245,0,0,0
58,90,745,204,259,0,1,1
59,103,859,204,267,0,0,0
60,119,785,204,257,0,1,1
61,74,779,204,242,0,0,0
62,76,794,204,269,0,1,1
63,117,766,204,243,0,0,0
64,99,837,204,274,0,1,1
65,70,735,204,257,0,0,0
66,95,738,204,271,0,1,1
67,78,766,204,247,0,0,0
68,121,796,204,265,0,0,0
69,77,839,204,316,0,0,0
70,124,782,204,247,0,1,1
71,106,862,204,253,0,0,0
72,165,832,204,271,0,0,0
73,95,783,204,256,0,0,0
74,63,772,204,238,0,0,0
75,92,810,204,263,0,1,1
76,135,732,204,249,0,1,1
77,70,826,204,244,0,0,0
78,79,790,204,258,0,0,0
79,78,742,204,260,0,0,0
80,78,737,204,246,0,0,0
81,64,805,204,276,0,0,0
82,101,829,204,308,0,1,1
83,110,783,204,250,0,0,0
84,147,847,204,247,0,0,0
85,109,810,204,266,0,0,0
86,73,752,204,249,0,0,0
87,84,801,204,252,0,1,1
88,110,753,204,247,0,1,1
89,67,833,204,261,0,0,0
90,107,770,204,272,0,1,1
91,94,790,204,263,0,1,1
92,96,818,204,264,0,1,1
93,78,787,204,250,0,0,0
94,39,829,204,257,0,0,0
95,132,736,204,256,0,1,1
96,115,775,204,259,0,1,1
97,66,799,204,267,0,0,0
98,104,799,204,272,0,1,1
99,86,710,204,253,0,0,0
100,37,720,204,258,0,0,0
MVS0924.02 | 100 Measurements per MVS  #10
MeasurementNr.,Pulses,Hightime[ms],t_vibration[ms],t_responce[ms],open_before_vibr[bool],open_after_vibr[bool],bad[bool]
1,126,848,204,255,0,0,0
2,68,755,204,253,0,0,0
3,97,762,204,250,0,0,0
4,85,801,204,279,0,1,1
5,55,811,204,259,0,0,0
6,91,888,204,274,0,0,0
7,71,819,204,254,0,1,1
8,88,854,204,252,0,1,1
9,120,813,204,249,0,0,0
10,88,722,204,251,0,0,0
11,107,793,204,248,0,0,0
12,67,805,204,265,0,0,0
13,122,812,204,253,0,0,0
14,109,756,204,262,0,0,0
15,96,713,204,264,0,1,1
16,67,789,204,252,0,0,0
17,105,800,204,249,0,1,1
18,87,813,204,248,0,0,0
19,99,793,204,260,0,0,0
20,97,767,204,260,0,0,0
21,100,780,204,247,0,0,0
22,67,824,204,243,0,0,0
23,92,779,204,258,0,1,1
24,89,911,204,254,0,1,1
25,107,869,204,279,0,1,1
26,140,823,204,246,0,0,0
27,82,781,204,266,0,1,1
28,121,774,204,251,0,0,0
29,104,830,204,248,0,0,0
30,74,717,204,254,0,1,1
31,77,695,204,258,0,1,1
32,75,716,204,262,0,0,0
33,128,867,204,265,0,0,0
34,113,900,204,266,0,1,1
35,220,805,204,268,0,1,1
36,188,871,204,254,0,0,0
37,87,685,204,262,0,0,0
38,26,608,204,256,0,0,0
39,22,748,204,259,0,0,0
40,63,723,204,297,0,0,0
41,78,723,204,261,0,0,0
42,103,775,204,244,0,0,0
43,139,848,204,277,0,0,0
44,76,658,204,302,0,0,0
45,61,713,204,253,0,1,1
46,51,634,204,256,0,1,1
47,46,702,204,252,0,1,1
48,59,710,204,235,0,0,0
49,43,683,204,262,0,0,0
50,51,724,204,255,0,0,0
51,61,764,204,253,0,0,0
52,120,828,204,253,0,0,0
53,152,747,204,241,0,1,1
54,41,663,204,249,0,0,0
55,69,760,204,267,0,0,0
56,50,859,204,270,0,0,0
57,69,849,204,262,0,0,0
58,75,723,204,264,0,0,0
59,69,771,204,242,0,0,0
60,62,804,204,248,0,0,0
61,83,825,204,249,0,0,0
62,60,835,204,237,0,0,0
63,65,867,204,260,0,0,0
64,105,747,204,266,0,0,0
65,89,764,204,254,0,0,0
66,118,776,204,257,0,1,1
67,101,787,204,255,0,0,0
68,91,747,204,257,0,0,0
69,67,720,204,264,0,0,0
70,67,763,204,260,0,0,0
71,110,815,204,256,0,0,0
72,128,841,204,253,0,0,0
73,113,792,204,252,0,1,1
74,81,803,204,253,0,0,0
75,70,760,204,270,0,0,0
76,55,763,204,256,0,1,1
77,91,698,204,251,0,0,0
78,81,777,204,251,0,1,1
79,133,746,204,259,0,1,1
80,141,743,204,255,0,0,0
81,67,751,204,259,0,0,0
82,76,690,204,252,0,0,0
83,73,701,204,277,0,0,0
84,109,794,204,301,0,1,1
85,61,824,204,252,0,0,0
86,103,907,204,254,0,0,0
87,77,878,204,263,0,0,0
88,99,801,204,253,0,0,0
89,100,726,204,257,0,0,0
90,124,780,204,249,0,1,1
91,122,740,204,262,0,1,1
92,45,789,204,256,0,0,0
93,79,769,204,259,0,1,1
94,78,791,204,257,0,0,0
95,130,777,204,248,0,0,0
96,126,748,204,254,0,1,1
97,37,739,204,268,0,0,0
98,72,700,204,257,0,0,0
99,113,740,204,241,1,0,1
100,93,792,204,238,0,0,0
