MVS0724.02 | 100 Measurements per MVS #1
MeasurementNr.,Pulses,Hightime[ms],t_vibration[ms],t_responce[ms],open_before_vibr[bool],open_after_vibr[bool],bad[bool]
1,76,604,204,265,0,1,1
2,52,797,204,241,0,0,0
3,52,837,204,254,0,0,0
4,43,855,204,245,0,0,0
5,26,833,204,245,0,0,0
6,76,841,204,257,0,1,1
7,31,749,204,248,0,1,1
8,101,775,204,258,0,1,1
9,37,789,204,259,0,0,0
10,41,724,204,261,0,0,0
11,52,771,204,229,0,0,0
12,100,799,204,251,0,1,1
13,65,413,204,251,0,1,1
14,49,819,204,259,0,0,0
15,24,751,204,259,0,0,0
16,46,798,204,245,0,0,0
17,108,705,204,231,0,1,1
18,85,771,204,257,0,1,1
19,49,806,204,239,0,0,0
20,80,817,204,244,0,1,1
21,43,833,204,262,0,0,0
22,49,831,204,258,0,0,0
23,37,824,204,254,0,0,0
24,59,811,204,253,0,0,0
25,68,859,204,257,0,1,1
26,58,780,204,253,0,0,0
27,40,788,204,256,0,0,0
28,51,575,204,254,0,1,1
29,41,654,204,241,0,1,1
30,58,770,204,253,0,1,1
31,45,345,204,257,0,1,1
32,55,659,204,247,0,0,0
33,52,742,204,258,0,0,0
34,44,559,204,246,0,1,1
35,42,371,204,254,0,1,1
36,46,541,204,204,1,0,1
37,66,793,204,245,0,0,0
38,90,771,204,256,0,1,1
39,37,844,204,261,0,0,0
40,46,769,204,248,0,0,0
41,66,776,204,251,0,1,1
42,77,775,204,251,0,0,0
43,94,795,204,242,0,1,1
44,81,765,204,255,0,0,0
45,55,715,204,251,0,1,1
46,69,751,204,255,0,0,0
47,84,709,204,253,0,1,1
48,32,678,204,252,0,0,0
49,49,749,204,258,0,0,0
50,54,343,204,249,0,1,1
51,47,525,204,204,1,0,1
52,35,816,204,256,0,0,0
53,69,756,204,258,0,0,0
54,84,660,204,246,0,1,1
55,58,609,204,252,0,1,1
56,54,806,204,260,0,0,0
57,67,737,204,253,0,0,0
58,40,830,204,248,0,0,0
59,50,815,204,253,0,0,0
60,79,790,204,245,0,0,0
61,33,799,204,261,0,0,0
62,55,765,204,271,0,0,0
63,72,762,204,254,0,1,1
64,45,811,204,248,0,0,0
65,54,753,204,249,0,1,1
66,83,803,204,240,0,1,1
67,63,628,204,254,0,1,1
68,59,793,204,246,0,1,1
69,77,776,204,260,0,1,1
70,72,782,204,246,0,1,1
71,64,696,204,247,0,1,1
72,92,713,204,259,0,1,1
73,99,735,204,254,0,1,1
74,93,703,204,258,0,1,1
75,60,777,204,258,0,0,0
76,98,723,204,257,0,1,1
77,66,795,204,252,0,0,0
78,64,828,204,249,0,0,0
79,77,803,204,254,0,1,1
80,32,825,204,239,0,0,0
81,34,819,204,256,0,0,0
82,59,830,204,245,0,0,0
83,53,799,204,258,0,0,0
84,89,550,204,251,0,1,1
85,44,735,204,238,0,0,0
86,57,695,204,247,0,0,0
87,73,480,204,253,0,1,1
88,42,562,204,251,1,0,1
89,51,808,204,259,0,0,0
90,85,681,204,259,0,1,1
91,95,772,204,242,0,1,1
92,62,832,204,243,0,0,0
93,47,844,204,263,0,1,1
94,83,692,204,245,0,1,1
95,102,754,204,244,0,1,1
96,71,717,204,253,0,1,1
97,49,790,204,253,0,0,0
98,55,803,204,255,0,0,0
99,48,809,204,251,0,1,1
100,48,746,204,255,0,0,0
MVS0724.02 | 100 Measurements per MVS  #2
MeasurementNr.,Pulses,Hightime[ms],t_vibration[ms],t_responce[ms],open_before_vibr[bool],open_after_vibr[bool],bad[bool]
1,74,807,204,250,0,1,1
2,90,861,204,274,0,1,1
3,91,856,204,255,0,0,0
4,114,883,204,254,0,1,1
5,121,884,204,266,0,1,1
6,121,876,204,261,0,1,1
7,133,867,204,248,0,0,0
8,88,876,204,251,0,0,0
9,111,886,204,251,0,0,0
10,98,906,204,245,0,0,0
11,112,900,204,258,0,0,0
12,103,926,204,253,0,0,0
13,83,915,204,256,0,0,0
14,98,874,204,258,0,0,0
15,89,903,204,258,0,0,0
16,112,853,204,265,0,0,0
17,130,828,204,258,0,0,0
18,76,806,204,245,0,0,0
19,101,795,204,256,0,0,0
20,107,785,204,249,0,0,0
21,77,811,204,246,0,0,0
22,93,825,204,255,0,1,1
23,76,829,204,247,0,0,0
24,63,823,204,254,0,0,0
25,174,764,204,271,0,1,1
26,77,800,204,253,0,0,0
27,77,790,204,237,0,1,1
28,59,881,204,261,0,0,0
29,130,844,204,252,0,1,1
30,127,868,204,258,0,0,0
31,136,843,204,253,0,1,1
32,107,864,204,251,0,0,0
33,144,905,204,248,0,1,1
34,137,900,204,248,0,0,0
35,122,900,204,247,0,0,0
36,76,869,204,247,0,0,0
37,100,841,204,255,0,1,1
38,89,837,204,249,0,0,0
39,96,852,204,244,0,0,0
40,129,892,204,243,0,0,0
41,103,903,204,245,0,0,0
42,137,918,204,260,0,0,0
43,156,909,204,245,0,0,0
44,136,912,204,244,0,0,0
45,159,924,204,246,0,0,0
46,148,924,204,249,0,0,0
47,154,927,204,255,0,0,0
48,163,936,204,245,0,0,0
49,111,949,204,246,0,0,0
50,148,914,204,252,0,0,0
51,135,884,204,257,0,0,0
52,121,917,204,253,0,0,0
53,78,949,204,258,0,0,0
54,97,954,204,251,0,0,0
55,102,942,204,257,0,0,0
56,98,940,204,241,0,0,0
57,147,919,204,247,0,0,0
58,170,914,204,250,0,1,1
59,138,914,204,261,0,0,0
60,101,925,204,253,0,0,0
61,139,948,204,242,0,0,0
62,85,953,204,284,0,0,0
63,94,943,204,279,0,0,0
64,92,947,204,257,0,0,0
65,90,961,204,253,0,1,1
66,53,965,204,256,0,0,0
67,117,940,204,251,0,1,1
68,83,948,204,251,0,0,0
69,77,934,204,259,0,0,0
70,121,916,204,247,0,0,0
71,81,929,204,262,0,0,0
72,103,935,204,253,0,0,0
73,86,929,204,255,0,0,0
74,105,926,204,259,0,0,0
75,83,944,204,251,0,0,0
76,124,915,204,252,0,0,0
77,114,938,204,250,0,0,0
78,101,931,204,248,0,0,0
79,119,840,204,266,0,1,1
80,115,855,204,247,0,0,0
81,145,874,204,252,0,1,1
82,138,860,204,259,0,0,0
83,118,817,204,263,0,0,0
84,77,800,204,246,0,0,0
85,80,777,204,260,0,0,0
86,105,798,204,243,0,1,1
87,71,811,204,247,0,0,0
88,121,810,204,259,0,1,1
89,94,813,204,256,0,0,0
90,92,865,204,245,0,1,1
91,102,861,204,274,0,0,0
92,129,884,204,253,0,1,1
93,143,894,204,251,0,0,0
94,148,877,204,255,0,0,0
95,132,869,204,244,0,0,0
96,108,860,204,248,0,0,0
97,147,853,204,251,0,1,1
98,130,859,204,255,0,0,0
99,147,774,204,243,0,1,1
100,187,821,204,257,0,1,1
MVS0724.02 | 100 Measurements per MVS  #3
MeasurementNr.,Pulses,Hightime[ms],t_vibration[ms],t_responce[ms],open_before_vibr[bool],open_after_vibr[bool],bad[bool]
1,53,727,204,244,0,0,0
2,59,780,204,253,0,0,0
3,28,779,204,259,0,0,0
4,41,741,204,252,0,0,0
5,51,750,204,250,0,0,0
6,60,622,204,247,0,1,1
7,71,749,204,249,0,1,1
8,57,667,204,247,0,1,1
9,65,725,204,245,0,1,1
10,64,731,204,247,0,1,1
11,33,714,204,253,0,0,0
12,45,733,204,242,0,1,1
13,31,705,204,249,0,1,1
14,65,688,204,238,0,0,0
15,57,664,204,245,0,1,1
16,62,656,204,250,0,1,1
17,41,767,204,239,0,0,0
18,88,680,204,254,0,0,0
19,54,748,204,248,0,0,0
20,66,718,204,249,0,1,1
21,51,765,204,263,0,1,1
22,50,731,204,243,0,0,0
23,103,512,204,246,0,1,1
24,30,681,204,244,0,0,0
25,64,688,204,254,0,1,1
26,39,713,204,251,0,1,1
27,48,726,204,254,0,0,0
28,33,774,204,258,0,0,0
29,59,771,204,252,0,0,0
30,58,724,204,247,0,0,0
31,59,734,204,243,0,0,0
32,63,398,204,247,0,1,1
33,34,529,204,204,1,1,1
34,47,768,204,265,0,0,0
35,69,694,204,249,0,1,1
36,44,711,204,248,0,0,0
37,39,707,204,249,0,0,0
38,64,705,204,252,0,0,0
39,50,743,204,248,0,0,0
40,80,748,204,247,0,1,1
41,60,786,204,257,0,0,0
42,46,730,204,257,0,0,0
43,63,757,204,251,0,0,0
44,84,709,204,243,0,1,1
45,81,729,204,251,0,0,0
46,65,745,204,254,0,0,0
47,41,774,204,262,0,0,0
48,59,771,204,251,0,0,0
49,104,744,204,250,0,1,1
50,81,768,204,261,0,0,0
51,97,743,204,250,0,1,1
52,83,710,204,266,0,1,1
53,73,711,204,243,0,1,1
54,46,647,204,244,0,1,1
55,40,766,204,244,0,0,0
56,57,691,204,242,0,1,1
57,60,696,204,247,0,1,1
58,53,743,204,237,0,0,0
59,55,731,204,236,0,1,1
60,61,739,204,254,0,1,1
61,69,716,204,246,0,1,1
62,30,708,204,240,0,0,0
63,82,735,204,247,0,1,1
64,76,752,204,246,0,1,1
65,74,754,204,250,0,0,0
66,85,759,204,253,0,1,1
67,65,699,204,249,0,1,1
68,48,700,204,246,0,0,0
69,37,707,204,234,0,0,0
70,23,697,204,258,0,0,0
71,37,685,204,254,0,1,1
72,64,739,204,253,0,0,0
73,26,721,204,254,0,0,0
74,53,709,204,245,0,1,1
75,45,692,204,253,0,1,1
76,62,730,204,248,0,1,1
77,76,772,204,252,0,1,1
78,67,750,204,246,0,1,1
79,48,331,204,238,0,1,1
80,29,725,204,240,0,0,0
81,131,722,204,249,0,1,1
82,28,766,204,244,0,0,0
83,66,734,204,256,0,1,1
84,60,760,204,254,0,0,0
85,92,724,204,255,0,0,0
86,32,721,204,251,0,0,0
87,160,744,204,252,0,1,1
88,32,724,204,252,0,0,0
89,59,743,204,251,0,0,0
90,44,767,204,251,0,0,0
91,25,754,204,253,0,0,0
92,41,776,204,252,0,0,0
93,63,752,204,247,0,1,1
94,37,781,204,244,0,1,1
95,47,708,204,248,0,0,0
96,50,740,204,244,0,0,0
97,73,746,204,262,0,0,0
98,36,785,204,249,0,0,0
99,66,732,204,253,0,1,1
100,82,731,204,246,0,0,0
MVS0724.02 | 100 Measurements per MVS  #4
MeasurementNr.,Pulses,Hightime[ms],t_vibration[ms],t_responce[ms],open_before_vibr[bool],open_after_vibr[bool],bad[bool]
1,148,880,204,254,0,0,0
2,156,888,204,266,0,0,0
3,127,867,204,251,0,0,0
4,150,869,204,245,0,1,1
5,113,920,204,257,0,0,0
6,129,921,204,260,0,0,0
7,145,867,204,247,0,0,0
8,171,870,204,265,0,0,0
9,210,875,204,252,0,1,1
10,153,899,204,241,0,1,1
11,128,919,204,255,0,0,0
12,148,896,204,251,0,0,0
13,100,913,204,260,0,0,0
14,164,853,204,258,0,0,0
15,146,892,204,258,0,0,0
16,189,895,204,248,0,0,0
17,133,905,204,256,0,0,0
18,114,922,204,251,0,0,0
19,136,918,204,259,0,0,0
20,199,866,204,254,0,0,0
21,148,864,204,263,0,1,1
22,150,898,204,249,0,1,1
23,113,922,204,251,0,0,0
24,185,918,204,254,0,1,1
25,184,876,204,245,0,0,0
26,181,874,204,269,0,1,1
27,122,906,204,261,0,0,0
28,123,921,204,260,0,1,1
29,99,941,204,247,0,0,0
30,111,939,204,278,0,0,0
31,128,931,204,256,0,0,0
32,132,927,204,253,0,0,0
33,211,844,204,262,0,0,0
34,118,880,204,283,0,0,0
35,152,910,204,252,0,0,0
36,172,911,204,257,0,1,1
37,164,924,204,270,0,1,1
38,115,951,204,274,0,0,0
39,101,942,204,283,0,0,0
40,140,919,204,268,0,0,0
41,164,901,204,243,0,0,0
42,126,926,204,267,0,1,1
43,92,922,204,261,0,0,0
44,182,882,204,256,0,0,0
45,185,853,204,250,0,1,1
46,198,867,204,244,0,1,1
47,199,890,204,249,0,1,1
48,152,926,204,257,0,1,1
49,113,905,204,265,0,0,0
50,201,869,204,254,0,1,1
51,186,841,204,246,0,1,1
52,152,883,204,259,0,0,0
53,174,866,204,247,0,0,0
54,170,894,204,267,0,1,1
55,166,901,204,264,0,1,1
56,139,907,204,258,0,0,0
57,143,918,204,246,0,1,1
58,157,909,204,239,0,1,1
59,90,935,204,255,0,0,0
60,108,951,204,257,0,0,0
61,155,931,204,253,0,1,1
62,146,929,204,248,0,0,0
63,130,934,204,260,0,0,0
64,107,953,204,256,0,0,0
65,121,934,204,251,0,0,0
66,110,938,204,276,0,0,0
67,136,882,204,284,0,0,0
68,163,853,204,265,0,0,0
69,149,901,204,250,0,0,0
70,144,937,204,252,0,0,0
71,165,927,204,250,0,0,0
72,142,930,204,253,0,0,0
73,115,925,204,262,0,0,0
74,154,886,204,256,0,0,0
75,152,917,204,251,0,1,1
76,128,925,204,252,0,0,0
77,169,851,204,248,0,0,0
78,137,906,204,261,0,1,1
79,150,884,204,262,0,1,1
80,174,916,204,257,0,1,1
81,116,928,204,253,0,0,0
82,89,960,204,253,0,0,0
83,154,885,204,253,0,0,0
84,140,908,204,254,0,0,0
85,132,908,204,248,0,0,0
86,108,894,204,253,0,0,0
87,134,879,204,256,0,1,1
88,169,904,204,267,0,1,1
89,133,907,204,253,0,1,1
90,170,879,204,277,0,1,1
91,162,871,204,248,0,0,0
92,151,879,204,254,0,0,0
93,264,861,204,256,0,1,1
94,136,904,204,269,0,0,0
95,156,914,204,258,0,1,1
96,95,924,204,239,0,0,0
97,104,891,204,252,0,1,1
98,85,910,204,249,0,1,1
99,170,865,204,252,0,1,1
100,177,825,204,255,0,1,1
MVS0724.02 | 100 Measurements per MVS  #5
MeasurementNr.,Pulses,Hightime[ms],t_vibration[ms],t_responce[ms],open_before_vibr[bool],open_after_vibr[bool],bad[bool]
1,101,822,204,245,0,0,0
2,78,845,204,257,0,1,1
3,105,851,204,253,0,0,0
4,125,776,204,259,0,0,0
5,126,822,204,261,0,0,0
6,86,833,204,247,0,0,0
7,72,827,204,260,0,0,0
8,76,844,204,255,0,1,1
9,105,845,204,262,0,0,0
10,102,812,204,245,0,0,0
11,101,831,204,263,0,0,0
12,59,829,204,243,0,0,0
13,89,841,204,255,0,1,1
14,80,852,204,242,0,0,0
15,140,810,204,265,0,0,0
16,92,823,204,243,0,0,0
17,66,843,204,254,0,0,0
18,60,862,204,269,0,0,0
19,129,831,204,258,0,1,1
20,80,808,204,246,0,0,0
21,76,815,204,254,0,1,1
22,121,805,204,250,0,1,1
23,127,816,204,246,0,1,1
24,84,840,204,248,0,0,0
25,102,832,204,254,0,1,1
26,199,779,204,247,0,1,1
27,102,808,204,243,0,0,0
28,118,831,204,257,0,0,0
29,59,832,204,254,0,0,0
30,113,854,204,264,0,0,0
31,116,822,204,250,0,0,0
32,110,821,204,252,0,1,1
33,71,852,204,251,0,0,0
34,121,821,204,263,0,1,1
35,75,854,204,250,0,1,1
36,102,826,204,260,0,0,0
37,130,806,204,249,0,1,1
38,170,752,204,243,0,1,1
39,73,835,204,255,0,1,1
40,85,833,204,275,0,1,1
41,92,823,204,259,0,1,1
42,134,817,204,267,0,0,0
43,80,812,204,258,0,0,0
44,124,839,204,254,0,0,0
45,135,791,204,254,0,1,1
46,88,842,204,249,0,0,0
47,76,845,204,247,0,1,1
48,118,813,204,251,0,0,0
49,156,821,204,254,0,1,1
50,95,809,204,251,0,1,1
51,58,849,204,263,0,0,0
52,79,827,204,260,0,0,0
53,76,821,204,266,0,0,0
54,83,826,204,255,0,0,0
55,90,869,204,255,0,0,0
56,102,826,204,278,0,1,1
57,98,816,204,261,0,0,0
58,132,792,204,252,0,0,0
59,104,853,204,247,0,1,1
60,67,848,204,261,0,0,0
61,91,833,204,250,0,0,0
62,79,831,204,256,0,0,0
63,105,828,204,255,0,1,1
64,137,823,204,259,0,1,1
65,53,837,204,265,0,0,0
66,113,809,204,253,0,0,0
67,113,817,204,255,0,0,0
68,100,817,204,266,0,0,0
69,145,800,204,260,0,1,1
70,164,810,204,240,0,0,0
71,74,785,204,254,0,1,1
72,55,843,204,258,0,0,0
73,115,807,204,248,0,1,1
74,96,827,204,242,0,1,1
75,82,833,204,252,0,0,0
76,90,856,204,250,0,0,0
77,117,798,204,258,0,1,1
78,143,814,204,243,0,0,0
79,166,793,204,259,0,1,1
80,158,836,204,254,0,1,1
81,67,837,204,255,0,0,0
82,155,821,204,259,0,1,1
83,148,807,204,251,0,1,1
84,69,835,204,245,0,1,1
85,86,832,204,264,0,0,0
86,127,811,204,254,0,0,0
87,130,768,204,246,0,1,1
88,117,828,204,261,0,1,1
89,90,848,204,251,0,0,0
90,100,822,204,254,0,1,1
91,76,839,204,250,0,0,0
92,202,774,204,262,0,1,1
93,67,832,204,262,0,0,0
94,94,833,204,261,0,0,0
95,132,845,204,255,0,0,0
96,121,846,204,250,0,0,0
97,119,853,204,252,0,1,1
98,69,851,204,260,0,1,1
99,73,846,204,250,0,0,0
100,120,833,204,270,0,1,1
MVS0724.02 | 100 Measurements per MVS  #6
MeasurementNr.,Pulses,Hightime[ms],t_vibration[ms],t_responce[ms],open_before_vibr[bool],open_after_vibr[bool],bad[bool]
1,68,749,204,249,0,0,0
2,78,794,204,262,0,1,1
3,76,798,204,260,0,0,0
4,99,777,204,249,0,1,1
5,77,576,204,254,0,1,1
6,72,326,204,252,0,1,1
7,28,49,204,204,1,1,1
8,88,251,204,204,1,1,1
9,96,642,204,254,0,1,1
10,32,356,204,246,0,1,1
11,50,92,204,204,1,1,1
12,73,352,204,204,1,1,1
13,74,725,204,252,0,1,1
14,72,697,204,251,0,1,1
15,88,711,204,248,0,1,1
16,77,744,204,249,0,0,0
17,54,775,204,265,0,0,0
18,52,822,204,253,0,0,0
19,38,412,204,277,0,1,1
20,145,390,204,204,1,1,1
21,44,348,204,258,0,1,1
22,54,136,204,204,1,1,1
23,66,517,204,204,1,1,1
24,70,789,204,250,0,0,0
25,90,558,204,254,0,1,1
26,78,770,204,249,0,1,1
27,82,728,204,250,0,1,1
28,83,430,204,236,0,1,1
29,50,458,204,204,1,1,1
30,86,662,204,245,0,1,1
31,88,558,204,244,0,1,1
32,69,644,204,251,0,1,1
33,79,668,204,254,0,0,0
34,39,737,204,241,0,0,0
35,68,650,204,254,0,1,1
36,54,758,204,251,0,0,0
37,119,792,204,254,0,1,1
38,116,547,204,244,0,1,1
39,119,747,204,251,0,1,1
40,68,439,204,251,0,1,1
41,42,551,204,204,1,0,1
42,84,784,204,246,0,0,0
43,52,715,204,254,0,0,0
44,96,697,204,235,0,0,0
45,75,371,204,244,0,1,1
46,45,251,204,204,1,1,1
47,61,738,204,254,0,1,1
48,95,757,204,252,0,1,1
49,120,760,204,246,0,1,1
50,84,672,204,243,0,1,1
51,81,821,204,257,0,0,0
52,64,353,204,249,0,1,1
53,93,193,204,204,1,1,1
54,76,180,204,204,1,1,1
55,77,251,204,204,1,1,1
56,51,676,204,257,0,0,0
57,77,497,204,253,0,1,1
58,72,410,204,204,1,0,1
59,83,778,204,245,0,1,1
60,73,736,204,243,0,1,1
61,72,811,204,247,0,0,0
62,69,798,204,254,0,0,0
63,77,830,204,250,0,1,1
64,72,709,204,253,0,1,1
65,60,374,204,240,0,1,1
66,78,128,204,204,1,1,1
67,95,540,204,204,1,1,1
68,380,526,204,258,0,1,1
69,196,647,204,205,1,1,1
70,70,748,204,251,0,1,1
71,63,710,204,256,0,1,1
72,82,771,204,248,0,1,1
73,67,801,204,247,0,0,0
74,91,788,204,254,0,0,0
75,135,718,204,256,0,1,1
76,81,758,204,247,0,1,1
77,50,795,204,249,0,0,0
78,70,827,204,250,0,1,1
79,94,840,204,256,0,0,0
80,49,812,204,255,0,0,0
81,57,756,204,256,0,0,0
82,24,697,204,253,0,0,0
83,66,661,204,248,0,0,0
84,82,687,204,255,0,1,1
85,106,769,204,254,0,1,1
86,90,783,204,241,0,0,0
87,96,714,204,253,0,1,1
88,61,793,204,250,0,0,0
89,66,755,204,254,0,0,0
90,80,572,204,257,0,1,1
91,85,678,204,233,0,1,1
92,106,676,204,233,0,1,1
93,89,577,204,277,0,1,1
94,47,454,204,204,1,0,1
95,42,311,204,237,0,1,1
96,62,543,204,204,1,1,1
97,120,556,204,245,0,1,1
98,86,477,204,204,1,0,1
99,62,771,204,243,0,0,0
100,85,806,204,248,0,0,0
MVS0724.02 | 100 Measurements per MVS  #7
MeasurementNr.,Pulses,Hightime[ms],t_vibration[ms],t_responce[ms],open_before_vibr[bool],open_after_vibr[bool],bad[bool]
1,60,740,204,252,0,0,0
2,48,787,204,243,0,0,0
3,121,515,204,242,0,1,1
4,61,738,204,255,0,0,0
5,77,741,204,204,1,1,1
6,96,731,204,249,0,1,1
7,45,741,204,256,0,1,1
8,68,707,204,253,0,1,1
9,76,644,204,248,0,1,1
10,152,742,204,243,0,1,1
11,125,734,204,243,0,0,0
12,85,566,204,254,0,1,1
13,47,801,204,256,0,0,0
14,73,754,204,240,0,0,0
15,85,603,204,255,0,1,1
16,38,790,204,255,0,0,0
17,107,453,204,256,0,1,1
18,104,316,204,204,1,1,1
19,68,789,204,256,0,0,0
20,56,783,204,255,0,0,0
21,103,664,204,248,0,1,1
22,64,362,204,246,0,1,1
23,64,798,204,250,1,0,1
24,88,696,204,240,0,0,0
25,247,748,204,256,0,1,1
26,68,656,204,247,0,1,1
27,56,732,204,245,0,0,0
28,77,794,204,255,0,0,0
29,54,790,204,247,0,0,0
30,59,623,204,256,0,1,1
31,72,749,204,252,0,0,0
32,84,628,204,250,0,1,1
33,122,592,204,248,0,1,1
34,117,510,204,204,1,0,1
35,110,723,204,243,0,1,1
36,122,737,204,256,0,1,1
37,64,312,204,258,0,1,1
38,44,78,204,204,1,1,1
39,61,737,204,251,0,0,0
40,59,309,204,263,0,1,1
41,68,492,204,204,1,0,1
42,61,782,204,268,0,0,0
43,51,776,204,260,0,0,0
44,80,686,204,266,0,1,1
45,63,765,204,263,0,0,0
46,30,842,204,280,0,0,0
47,79,718,204,271,0,1,1
48,56,743,204,260,0,1,1
49,59,699,204,263,0,0,0
50,26,594,204,251,0,0,0
51,58,741,204,293,0,0,0
52,75,718,204,255,0,1,1
53,138,677,204,235,0,1,1
54,66,782,204,241,0,0,0
55,113,726,204,255,0,1,1
56,188,725,204,252,0,1,1
57,50,350,204,253,0,1,1
58,40,14,204,204,1,1,1
59,69,48,204,204,1,1,1
60,68,486,204,204,1,0,1
61,73,780,204,247,0,0,0
62,83,736,204,252,0,1,1
63,112,727,204,248,0,1,1
64,110,744,204,255,0,1,1
65,58,757,204,261,0,0,0
66,47,661,204,258,0,1,1
67,51,698,204,240,0,1,1
68,88,626,204,247,0,1,1
69,58,548,204,204,1,0,1
70,62,709,204,250,0,1,1
71,81,749,204,233,0,0,0
72,107,661,204,249,0,1,1
73,67,566,204,236,0,1,1
74,75,726,204,252,0,1,1
75,98,752,204,252,0,1,1
76,55,747,204,249,0,0,0
77,133,618,204,259,0,1,1
78,61,783,204,243,0,1,1
79,64,717,204,256,0,0,0
80,101,752,204,251,0,1,1
81,92,557,204,255,0,1,1
82,87,517,204,204,1,1,1
83,69,763,204,254,0,0,0
84,89,729,204,252,0,1,1
85,83,734,204,249,0,1,1
86,79,771,204,248,0,0,0
87,97,708,204,254,0,1,1
88,64,763,204,249,0,1,1
89,68,665,204,250,0,1,1
90,93,760,204,249,0,0,0
91,83,671,204,252,0,1,1
92,49,770,204,250,0,0,0
93,73,758,204,238,0,0,0
94,95,660,204,252,0,1,1
95,63,697,204,245,0,0,0
96,64,317,204,243,0,1,1
97,49,491,204,204,1,0,1
98,71,738,204,253,0,0,0
99,69,708,204,247,0,1,1
100,72,766,204,258,0,0,0
MVS0724.02 | 100 Measurements per MVS  #8
MeasurementNr.,Pulses,Hightime[ms],t_vibration[ms],t_responce[ms],open_before_vibr[bool],open_after_vibr[bool],bad[bool]
1,51,830,204,272,0,1,1
2,41,832,204,262,0,0,0
3,72,793,204,256,0,0,0
4,63,835,204,251,0,1,1
5,74,870,204,241,0,0,0
6,48,871,204,256,0,1,1
7,70,800,204,256,0,0,0
8,69,834,204,248,0,0,0
9,99,696,204,252,0,1,1
10,121,810,204,267,0,1,1
11,46,827,204,250,0,0,0
12,57,770,204,255,0,0,0
13,56,793,204,266,0,1,1
14,102,736,204,246,0,1,1
15,67,752,204,246,0,0,0
16,91,703,204,253,0,1,1
17,104,758,204,256,0,1,1
18,64,693,204,256,0,1,1
19,46,832,204,255,0,0,0
20,41,820,204,263,0,0,0
21,43,847,204,254,0,0,0
22,50,831,204,264,0,0,0
23,40,865,204,262,0,0,0
24,49,847,204,260,0,0,0
25,29,859,204,267,0,0,0
26,67,845,204,255,0,1,1
27,57,855,204,254,0,0,0
28,123,855,204,246,0,1,1
29,76,854,204,256,0,1,1
30,71,786,204,257,0,0,0
31,86,762,204,250,0,1,1
32,50,823,204,252,0,0,0
33,50,822,204,247,0,0,0
34,72,820,204,244,0,0,0
35,64,857,204,251,0,0,0
36,44,857,204,259,0,0,0
37,64,868,204,251,0,1,1
38,47,850,204,259,0,0,0
39,66,826,204,253,0,1,1
40,71,864,204,244,0,0,0
41,53,856,204,255,0,1,1
42,74,844,204,257,0,1,1
43,103,803,204,273,0,1,1
44,78,839,204,262,0,1,1
45,66,854,204,255,0,0,0
46,115,809,204,249,0,1,1
47,56,849,204,261,0,0,0
48,64,831,204,249,0,0,0
49,153,797,204,266,0,1,1
50,71,838,204,257,0,0,0
51,101,830,204,247,0,1,1
52,101,837,204,253,0,1,1
53,92,821,204,270,0,1,1
54,85,823,204,256,0,0,0
55,58,829,204,256,0,0,0
56,75,855,204,257,0,0,0
57,104,791,204,262,0,1,1
58,128,828,204,222,1,1,1
59,100,489,204,257,0,1,1
60,74,821,204,232,0,1,1
61,65,795,204,251,1,0,1
62,99,831,204,243,0,1,1
63,77,731,204,250,0,1,1
64,61,831,204,249,0,0,0
65,84,843,204,258,0,0,0
66,51,821,204,255,0,0,0
67,76,813,204,248,0,0,0
68,87,840,204,256,0,1,1
69,59,827,204,257,0,0,0
70,186,783,204,259,0,1,1
71,86,843,204,255,0,1,1
72,58,854,204,252,0,1,1
73,96,837,204,258,0,1,1
74,62,894,204,257,0,1,1
75,103,880,204,252,0,1,1
76,110,734,204,253,0,1,1
77,77,852,204,252,0,0,0
78,75,840,204,246,0,1,1
79,75,858,204,255,0,0,0
80,95,807,204,249,0,0,0
81,87,774,204,258,0,1,1
82,64,822,204,260,0,0,0
83,64,731,204,259,0,1,1
84,67,791,204,239,0,0,0
85,125,822,204,245,0,1,1
86,102,787,204,259,0,1,1
87,81,655,204,261,0,1,1
88,98,674,204,235,0,1,1
89,69,840,204,259,0,0,0
90,68,848,204,208,0,1,1
91,37,843,204,278,0,0,0
92,122,767,204,259,0,1,1
93,85,843,204,258,0,0,0
94,49,841,204,256,0,0,0
95,105,821,204,258,0,1,1
96,84,838,204,246,0,0,0
97,117,842,204,249,0,1,1
98,110,753,204,266,0,1,1
99,111,815,204,249,0,1,1
100,141,755,204,242,0,1,1
MVS0724.02 | 100 Measurements per MVS  #9
MeasurementNr.,Pulses,Hightime[ms],t_vibration[ms],t_responce[ms],open_before_vibr[bool],open_after_vibr[bool],bad[bool]
1,149,726,204,264,0,1,1
2,118,909,204,252,0,0,0
3,103,939,204,269,0,0,0
4,144,903,204,282,0,1,1
5,130,913,204,255,0,0,0
6,79,927,204,296,0,0,0
7,191,884,204,265,0,0,0
8,128,884,204,256,0,0,0
9,131,864,204,263,0,1,1
10,124,836,204,262,0,0,0
11,129,865,204,269,0,1,1
12,103,838,204,250,0,0,0
13,79,874,204,240,0,0,0
14,107,859,204,251,0,0,0
15,94,858,204,255,0,1,1
16,168,823,204,254,0,1,1
17,155,810,204,249,0,0,0
18,78,871,204,252,0,0,0
19,121,918,204,258,0,0,0
20,76,961,204,264,0,0,0
21,91,948,204,285,0,1,1
22,128,921,204,254,0,0,0
23,156,918,204,262,0,0,0
24,125,918,204,276,0,0,0
25,154,924,204,262,0,1,1
26,67,949,204,259,0,0,0
27,110,901,204,270,0,0,0
28,150,872,204,271,0,0,0
29,159,872,204,243,0,1,1
30,104,844,204,245,0,1,1
31,96,863,204,250,0,0,0
32,131,844,204,248,0,0,0
33,165,809,204,253,0,1,1
34,69,860,204,261,0,1,1
35,70,857,204,256,0,0,0
36,142,839,204,256,0,1,1
37,81,884,204,282,0,0,0
38,94,879,204,262,0,1,1
39,74,896,204,282,0,0,0
40,148,858,204,267,0,1,1
41,100,897,204,266,0,0,0
42,75,932,204,260,0,0,0
43,112,900,204,257,0,0,0
44,174,843,204,257,0,0,0
45,127,864,204,280,0,1,1
46,118,869,204,258,0,0,0
47,111,870,204,252,0,0,0
48,118,834,204,266,0,0,0
49,148,821,204,261,0,0,0
50,129,822,204,248,0,0,0
51,256,769,204,281,0,1,1
52,190,878,204,256,0,1,1
53,175,858,204,264,0,1,1
54,50,888,204,265,0,0,0
55,89,883,204,291,0,0,0
56,108,902,204,251,0,0,0
57,97,907,204,263,0,0,0
58,51,956,204,299,0,0,0
59,108,921,204,256,0,0,0
60,124,907,204,261,0,0,0
61,123,878,204,269,0,0,0
62,111,881,204,277,0,0,0
63,169,746,204,279,0,1,1
64,197,738,204,245,0,1,1
65,128,863,204,257,0,0,0
66,161,834,204,248,0,1,1
67,131,843,204,248,0,0,0
68,127,845,204,261,0,0,0
69,82,888,204,279,0,0,0
70,81,872,204,266,0,0,0
71,116,844,204,272,0,1,1
72,121,846,204,254,0,1,1
73,110,874,204,257,0,0,0
74,68,881,204,248,0,0,0
75,62,915,204,326,0,1,1
76,96,894,204,259,0,1,1
77,126,880,204,258,0,0,0
78,131,883,204,256,0,0,0
79,109,893,204,271,0,0,0
80,82,932,204,271,0,0,0
81,91,935,204,271,0,0,0
82,119,916,204,262,0,0,0
83,120,892,204,278,0,0,0
84,149,868,204,249,0,0,0
85,119,845,204,265,0,0,0
86,84,872,204,291,0,0,0
87,123,871,204,298,0,0,0
88,129,848,204,257,0,1,1
89,125,872,204,249,0,0,0
90,130,845,204,260,0,1,1
91,94,818,204,268,0,0,0
92,91,864,204,259,0,0,0
93,69,862,204,273,0,0,0
94,69,887,204,263,0,0,0
95,128,858,204,251,0,0,0
96,80,902,204,265,0,0,0
97,89,934,204,271,0,0,0
98,68,963,204,257,0,0,0
99,62,949,204,260,0,0,0
100,144,866,204,276,0,1,1
MVS0724.02 | 100 Measurements per MVS  #10
MeasurementNr.,Pulses,Hightime[ms],t_vibration[ms],t_responce[ms],open_before_vibr[bool],open_after_vibr[bool],bad[bool]
1,132,882,204,271,0,0,0
2,151,786,204,273,0,1,1
3,131,858,204,266,0,0,0
4,117,875,204,265,0,0,0
5,151,870,204,262,0,1,1
6,128,836,204,261,0,0,0
7,130,908,204,264,0,0,0
8,147,832,204,260,0,0,0
9,145,883,204,252,0,1,1
10,136,902,204,260,0,1,1
11,111,794,204,254,0,0,0
12,129,862,204,256,0,1,1
13,70,955,204,270,0,0,0
14,115,847,204,264,0,0,0
15,141,827,204,259,0,0,0
16,133,908,204,248,0,0,0
17,116,886,204,261,0,0,0
18,108,837,204,269,0,0,0
19,153,756,204,268,0,0,0
20,124,891,204,271,0,1,1
21,118,906,204,259,0,0,0
22,142,899,204,254,0,0,0
23,95,923,204,252,0,0,0
24,124,845,204,276,0,0,0
25,131,855,204,268,0,0,0
26,136,814,204,274,0,0,0
27,96,841,204,247,0,0,0
28,110,887,204,274,0,0,0
29,133,864,204,266,0,1,1
30,157,889,204,247,0,0,0
31,143,867,204,268,0,0,0
32,132,817,204,269,0,0,0
33,147,879,204,255,0,0,0
34,125,901,204,272,0,0,0
35,157,865,204,272,0,0,0
36,143,864,204,267,0,0,0
37,139,834,204,267,0,0,0
38,90,912,204,271,0,0,0
39,116,878,204,274,0,0,0
40,101,839,204,264,0,0,0
41,99,905,204,264,0,1,1
42,133,902,204,266,0,0,0
43,142,881,204,257,0,0,0
44,139,891,204,256,0,1,1
45,113,882,204,264,0,0,0
46,159,856,204,273,0,0,0
47,115,863,204,270,0,0,0
48,112,877,204,278,0,0,0
49,127,870,204,272,0,0,0
50,133,841,204,265,0,0,0
51,156,876,204,278,0,0,0
52,157,908,204,273,0,0,0
53,129,887,204,269,0,0,0
54,107,889,204,253,0,0,0
55,165,829,204,265,0,1,1
56,85,868,204,253,0,1,1
57,104,847,204,261,0,0,0
58,132,835,204,276,0,0,0
59,136,841,204,267,0,0,0
60,129,882,204,269,0,1,1
61,117,839,204,267,0,0,0
62,180,858,204,274,0,0,0
63,140,889,204,258,0,1,1
64,106,917,204,258,0,0,0
65,121,872,204,270,0,0,0
66,132,868,204,263,0,0,0
67,154,866,204,266,0,0,0
68,161,841,204,267,0,0,0
69,86,810,204,272,0,0,0
70,123,914,204,271,0,0,0
71,149,857,204,257,0,0,0
72,152,859,204,267,0,1,1
73,160,873,204,259,0,1,1
74,91,889,204,284,0,0,0
75,172,849,204,277,0,1,1
76,114,813,204,257,0,0,0
77,114,787,204,270,0,0,0
78,143,751,204,275,0,0,0
79,115,802,204,270,0,0,0
80,120,784,204,257,0,0,0
81,83,797,204,274,0,1,1
82,88,667,204,263,0,1,1
83,107,880,204,265,0,0,0
84,113,898,204,271,0,0,0
85,134,841,204,267,0,0,0
86,100,830,204,278,0,0,0
87,144,847,204,272,0,0,0
88,81,915,204,280,0,0,0
89,129,799,204,281,0,1,1
90,123,839,204,256,0,0,0
91,132,836,204,259,0,0,0
92,108,881,204,268,0,0,0
93,127,833,204,277,0,0,0
94,107,884,204,264,0,0,0
95,107,704,204,267,0,1,1
96,138,900,204,261,0,0,0
97,141,872,204,255,0,0,0
98,71,775,204,256,0,0,0
99,98,811,204,252,0,0,0
100,100,827,204,256,0,0,0
