MVS0409.02L SIGMA 100 Measurements per MVS | MVS Nr.: 8
MeasurementNr.,Pulses,Hightime[ms],t_vibration[ms],t_responce[ms],open_before_vibr[bool],open_after_vibr[bool],bad[bool]
1,41,667,203,249,0,1,1
2,28,642,203,234,0,0,0
3,28,508,203,250,0,1,1
4,29,639,203,255,0,0,0
5,16,668,203,249,0,0,0
6,43,743,203,254,0,0,0
7,18,251,203,241,0,1,1
8,25,8,203,203,1,1,1
9,27,428,203,203,1,0,1
10,36,737,203,247,0,0,0
11,42,722,203,253,0,0,0
12,30,696,203,255,0,0,0
13,33,682,203,252,0,1,1
14,35,648,203,250,0,0,0
15,11,256,203,256,0,1,1
16,23,3,203,203,1,1,1
17,44,387,203,203,1,0,1
18,22,689,203,255,0,0,0
19,20,625,203,252,0,0,0
20,22,654,203,244,0,0,0
21,38,660,203,250,0,0,0
22,35,697,203,248,0,1,1
23,22,708,203,260,0,0,0
24,37,618,203,249,0,0,0
25,21,687,203,247,0,0,0
26,40,642,203,249,0,0,0
27,48,616,203,258,0,0,0
28,46,688,203,264,0,1,1
29,42,612,203,247,0,1,1
30,31,678,203,239,0,0,0
31,45,647,203,233,0,1,1
32,61,634,203,234,0,1,1
33,27,690,203,231,0,0,0
34,47,662,203,247,0,1,1
35,65,732,203,236,0,1,1
36,69,657,203,250,0,1,1
37,40,715,203,251,0,0,0
38,54,319,203,248,0,1,1
39,49,372,203,203,1,0,1
40,57,728,203,260,0,0,0
41,57,721,203,264,0,1,1
42,57,724,203,247,0,0,0
43,35,705,203,258,0,0,0
44,47,722,203,240,0,0,0
45,74,670,203,251,0,0,0
46,22,722,203,256,0,0,0
47,26,743,203,254,0,1,1
48,43,688,203,251,0,1,1
49,22,697,203,256,0,0,0
50,36,676,203,247,0,0,0
51,39,633,203,249,0,1,1
52,18,704,203,239,0,0,0
53,16,694,203,274,0,0,0
54,45,480,203,248,0,1,1
55,34,583,203,245,0,1,1
56,32,554,203,251,0,1,1
57,38,645,203,245,0,0,0
58,37,623,203,249,0,0,0
59,28,663,203,244,0,0,0
60,18,664,203,257,0,0,0
61,31,580,203,245,0,1,1
62,20,641,203,255,0,0,0
63,25,670,203,246,0,0,0
64,43,632,203,254,0,0,0
65,21,685,203,266,0,0,0
66,20,607,203,248,0,0,0
67,21,672,203,250,0,0,0
68,42,626,203,243,0,0,0
69,32,702,203,254,0,1,1
70,26,663,203,251,0,0,0
71,34,609,203,249,0,0,0
72,31,636,203,245,0,0,0
73,34,278,203,241,0,1,1
74,25,430,203,203,1,0,1
75,51,610,203,246,0,1,1
76,22,648,203,243,0,0,0
77,41,565,203,242,0,0,0
78,35,646,203,251,0,0,0
79,40,686,203,239,0,0,0
80,35,691,203,256,0,0,0
81,46,671,203,248,0,0,0
82,72,514,203,243,0,1,1
83,37,679,203,253,1,1,1
84,33,724,203,254,0,0,0
85,44,600,203,248,0,1,1
86,24,670,203,250,0,1,1
87,45,652,203,250,0,0,0
88,28,729,203,263,0,0,0
89,50,733,203,252,0,1,1
90,71,679,203,244,0,1,1
91,57,673,203,244,0,1,1
92,25,710,203,246,0,0,0
93,54,666,203,257,0,1,1
94,41,704,203,258,0,0,0
95,47,731,203,242,0,0,0
96,50,703,203,250,0,1,1
97,45,753,203,246,0,0,0
98,77,739,203,250,0,1,1
99,57,754,203,241,0,0,0
100,43,754,203,254,0,0,0
MVS0409.02L SIGMA 100 Measurements per MVS | MVS Nr.: 9
MeasurementNr.,Pulses,Hightime[ms],t_vibration[ms],t_responce[ms],open_before_vibr[bool],open_after_vibr[bool],bad[bool]
1,69,707,203,242,0,1,1
2,23,547,203,246,0,0,0
3,47,596,203,242,0,0,0
4,28,589,203,260,0,0,0
5,24,621,203,247,0,0,0
6,44,654,203,251,0,0,0
7,27,612,203,254,0,0,0
8,48,319,203,242,0,1,1
9,51,398,203,203,1,1,1
10,24,637,203,254,0,0,0
11,42,708,203,238,0,1,1
12,60,643,203,255,0,1,1
13,30,632,203,246,0,0,0
14,57,690,203,242,0,0,0
15,33,642,203,244,0,0,0
16,23,642,203,240,0,0,0
17,26,656,203,242,0,0,0
18,40,652,203,242,0,0,0
19,61,652,203,246,0,0,0
20,35,621,203,242,0,0,0
21,56,673,203,246,0,1,1
22,60,733,203,252,0,0,0
23,82,677,203,243,0,1,1
24,76,694,203,252,0,1,1
25,61,683,203,240,0,1,1
26,45,658,203,245,0,0,0
27,50,637,203,256,0,1,1
28,97,716,203,251,0,1,1
29,54,693,203,256,0,0,0
30,66,695,203,257,0,1,1
31,63,640,203,260,0,0,0
32,66,659,203,256,0,1,1
33,55,679,203,251,0,0,0
34,52,668,203,249,0,0,0
35,52,636,203,235,0,1,1
36,33,612,203,240,0,0,0
37,40,542,203,253,0,1,1
38,22,467,203,251,0,1,1
39,45,673,203,241,0,1,1
40,69,620,203,246,0,0,0
41,40,640,203,250,0,0,0
42,57,658,203,238,0,1,1
43,53,656,203,237,0,0,0
44,42,691,203,243,0,0,0
45,33,692,203,251,0,1,1
46,35,716,203,249,1,0,1
47,82,660,203,253,0,1,1
48,76,727,203,257,0,1,1
49,44,711,203,232,0,1,1
50,49,586,203,248,0,1,1
51,60,673,203,244,0,1,1
52,37,542,203,241,0,0,0
53,22,628,203,244,0,0,0
54,28,262,203,258,0,1,1
55,47,402,203,203,1,0,1
56,49,323,203,247,1,1,1
57,33,386,203,203,1,0,1
58,51,715,203,239,0,0,0
59,61,591,203,232,0,1,1
60,42,632,203,246,0,0,0
61,33,649,203,266,0,0,0
62,31,666,203,245,0,0,0
63,57,674,203,247,0,1,1
64,41,689,203,244,0,0,0
65,42,659,203,249,0,1,1
66,37,664,203,269,0,0,0
67,63,658,203,249,0,1,1
68,27,652,203,245,0,0,0
69,40,746,203,248,0,0,0
70,56,685,203,248,0,1,1
71,48,631,203,244,0,0,0
72,27,769,203,255,0,0,0
73,32,712,203,260,0,0,0
74,43,633,203,248,0,0,0
75,48,687,203,255,0,0,0
76,41,621,203,249,0,0,0
77,48,606,203,245,0,0,0
78,60,628,203,248,0,0,0
79,38,573,203,237,0,0,0
80,33,576,203,247,0,0,0
81,41,661,203,247,0,1,1
82,49,691,203,247,0,0,0
83,57,535,203,246,0,1,1
84,25,598,203,259,0,0,0
85,38,643,203,255,0,0,0
86,26,261,203,252,0,1,1
87,38,15,203,203,1,1,1
88,46,12,203,203,1,1,1
89,25,271,203,203,1,0,1
90,25,640,203,248,0,0,0
91,33,248,203,244,0,1,1
92,42,244,203,203,1,1,1
93,37,592,203,237,0,0,0
94,60,658,203,259,0,1,1
95,35,604,203,248,0,0,0
96,23,692,203,238,0,0,0
97,60,715,203,257,0,1,1
98,55,742,203,240,0,0,0
99,51,727,203,246,0,0,0
100,44,714,203,253,0,0,0
MVS0409.02L SIGMA 100 Measurements per MVS | MVS Nr.: 10
MeasurementNr.,Pulses,Hightime[ms],t_vibration[ms],t_responce[ms],open_before_vibr[bool],open_after_vibr[bool],bad[bool]
1,40,558,203,250,0,1,1
2,27,611,203,238,0,0,0
3,41,453,203,250,0,1,1
4,32,628,203,252,0,0,0
5,40,713,203,253,0,1,1
6,134,646,203,203,1,1,1
7,41,677,203,249,0,0,0
8,61,619,203,243,0,1,1
9,58,659,203,246,1,0,1
10,31,689,203,247,0,0,0
11,47,689,203,231,0,0,0
12,33,709,203,249,0,0,0
13,71,603,203,241,0,1,1
14,26,720,203,257,0,0,0
15,59,666,203,257,0,1,1
16,32,546,203,239,1,1,1
17,31,687,203,252,0,1,1
18,35,579,203,258,0,1,1
19,22,448,203,247,0,1,1
20,24,646,203,254,0,0,0
21,35,523,203,242,0,0,0
22,28,383,203,249,0,1,1
23,23,377,203,203,1,0,1
24,20,599,203,249,0,0,0
25,35,649,203,253,0,0,0
26,16,243,203,242,0,1,1
27,38,293,203,203,1,1,1
28,17,481,203,238,0,1,1
29,12,255,203,250,0,1,1
30,22,106,203,203,1,1,1
31,25,553,203,244,0,0,0
32,33,584,203,254,0,1,1
33,13,256,203,252,0,1,1
34,41,388,203,203,1,0,1
35,28,422,203,241,0,1,1
36,17,251,203,244,0,1,1
37,16,1,203,203,1,1,1
38,40,128,203,203,1,1,1
39,24,345,203,203,1,0,1
40,25,616,203,250,0,0,0
41,67,227,203,203,1,1,1
42,94,169,203,203,1,1,1
43,43,149,203,203,1,1,1
44,42,524,203,203,1,0,1
45,60,644,203,248,1,0,1
46,42,516,203,250,0,1,1
47,11,658,203,257,0,0,0
48,60,623,203,331,0,1,1
49,69,484,203,226,1,1,1
50,20,500,203,241,0,1,1
51,38,567,203,238,0,1,1
52,24,565,203,242,0,1,1
53,15,247,203,247,0,1,1
54,28,378,203,203,1,1,1
55,28,632,203,237,0,1,1
56,22,288,203,246,0,1,1
57,52,317,203,203,1,1,1
58,20,575,203,254,0,0,0
59,22,690,203,237,0,0,0
60,17,725,203,251,0,0,0
61,22,588,203,234,0,0,0
62,35,569,203,248,0,1,1
63,30,623,203,225,0,1,1
64,14,247,203,247,0,1,1
65,45,341,203,203,1,1,1
66,46,651,203,261,1,1,1
67,42,324,203,244,0,1,1
68,36,115,203,203,1,1,1
69,33,681,203,251,0,0,0
70,48,654,203,242,0,0,0
71,33,602,203,250,0,1,1
72,33,628,203,247,0,1,1
73,22,248,203,246,0,1,1
74,47,434,203,203,1,0,1
75,124,656,203,252,0,1,1
76,32,689,203,248,0,0,0
77,65,726,203,257,0,0,0
78,137,527,203,246,0,1,1
79,154,395,203,203,1,0,1
80,27,247,203,235,0,1,1
81,25,404,203,203,1,0,1
82,138,649,203,252,0,1,1
83,31,323,203,236,0,1,1
84,64,244,203,203,1,1,1
85,69,457,203,203,1,0,1
86,32,668,203,246,0,0,0
87,29,657,203,236,0,0,0
88,20,568,203,245,0,0,0
89,32,350,203,259,0,1,1
90,98,413,203,203,1,1,1
91,146,561,203,226,0,1,1
92,33,425,203,239,0,1,1
93,39,376,203,203,1,0,1
94,34,518,203,242,0,1,1
95,33,539,203,242,0,0,0
96,46,675,203,248,0,1,1
97,18,561,203,245,0,0,0
98,32,634,203,243,0,0,0
99,37,723,203,243,0,0,0
100,29,282,203,264,0,1,1
MVS0409.02L SIGMA 100 Measurements per MVS | MVS Nr.: 11
MeasurementNr.,Pulses,Hightime[ms],t_vibration[ms],t_responce[ms],open_before_vibr[bool],open_after_vibr[bool],bad[bool]
1,36,664,203,254,0,0,0
2,46,631,203,248,0,0,0
3,57,708,203,252,0,0,0
4,48,647,203,249,0,0,0
5,64,660,203,241,0,0,0
6,37,626,203,249,0,0,0
7,46,637,203,248,0,0,0
8,81,659,203,244,0,1,1
9,44,667,203,252,0,0,0
10,44,701,203,250,0,0,0
11,41,725,203,256,0,0,0
12,52,505,203,256,0,1,1
13,21,636,203,250,0,0,0
14,18,637,203,243,0,0,0
15,17,715,203,249,0,0,0
16,27,658,203,257,0,0,0
17,41,588,203,243,0,0,0
18,40,556,203,241,0,0,0
19,30,596,203,249,0,0,0
20,24,697,203,253,0,0,0
21,30,620,203,243,0,1,1
22,26,294,203,248,0,1,1
23,43,431,203,203,1,0,1
24,52,555,203,242,0,1,1
25,40,687,203,248,0,0,0
26,25,653,203,256,0,0,0
27,31,691,203,252,0,0,0
28,32,614,203,266,0,0,0
29,47,670,203,241,0,0,0
30,33,640,203,241,0,0,0
31,19,634,203,253,0,0,0
32,26,619,203,253,0,0,0
33,21,648,203,248,0,0,0
34,18,640,203,255,0,0,0
35,22,651,203,250,0,0,0
36,30,508,203,244,0,0,0
37,39,625,203,236,0,1,1
38,30,704,203,248,0,0,0
39,14,276,203,253,0,1,1
40,19,364,203,203,1,0,1
41,31,493,203,245,0,1,1
42,29,646,203,246,0,0,0
43,25,611,203,251,0,0,0
44,39,643,203,252,0,0,0
45,34,663,203,250,0,0,0
46,38,679,203,245,0,0,0
47,34,676,203,257,0,0,0
48,24,615,203,243,0,0,0
49,28,688,203,252,0,0,0
50,36,686,203,246,0,0,0
51,19,701,203,256,0,0,0
52,68,682,203,254,0,1,1
53,84,691,203,249,0,0,0
54,50,704,203,251,0,0,0
55,42,649,203,249,0,0,0
56,34,713,203,262,0,0,0
57,25,669,203,242,0,0,0
58,36,698,203,235,0,1,1
59,39,649,203,250,0,0,0
60,31,659,203,233,0,0,0
61,36,682,203,253,0,0,0
62,48,272,203,246,0,1,1
63,21,305,203,203,1,0,1
64,25,570,203,254,0,0,0
65,39,647,203,235,0,0,0
66,41,599,203,250,0,0,0
67,50,661,203,258,0,0,0
68,21,696,203,238,0,0,0
69,25,620,203,248,0,0,0
70,27,664,203,245,0,0,0
71,25,637,203,240,0,0,0
72,35,634,203,241,0,0,0
73,25,672,203,245,0,0,0
74,44,665,203,257,1,1,1
75,61,683,203,247,0,0,0
76,39,668,203,247,0,0,0
77,27,649,203,250,0,0,0
78,40,652,203,243,0,0,0
79,26,607,203,240,0,0,0
80,29,670,203,245,0,0,0
81,69,605,203,246,0,1,1
82,38,674,203,249,1,1,1
83,55,703,203,257,0,0,0
84,32,684,203,259,0,0,0
85,49,637,203,248,0,0,0
86,47,674,203,241,0,0,0
87,49,645,203,242,0,0,0
88,73,648,203,246,0,0,0
89,52,664,203,256,0,1,1
90,51,671,203,246,0,0,0
91,52,663,203,237,0,1,1
92,60,667,203,247,0,0,0
93,28,685,203,240,0,0,0
94,49,661,203,250,0,1,1
95,29,668,203,244,0,0,0
96,58,655,203,252,0,0,0
97,26,670,203,258,0,1,1
98,56,649,203,256,0,0,0
99,48,687,203,236,0,0,0
100,28,687,203,236,0,0,0
MVS0409.02L SIGMA 100 Measurements per MVS | MVS Nr.: 12
MeasurementNr.,Pulses,Hightime[ms],t_vibration[ms],t_responce[ms],open_before_vibr[bool],open_after_vibr[bool],bad[bool]
1,39,499,203,248,0,1,1
2,32,662,203,250,0,0,0
3,28,395,203,241,0,1,1
4,21,276,203,253,0,1,1
5,25,116,203,203,1,1,1
6,14,248,203,247,0,1,1
7,20,41,203,203,1,1,1
8,26,293,203,203,1,1,1
9,18,431,203,251,0,1,1
10,12,487,203,253,0,1,1
11,23,418,203,242,0,1,1
12,11,470,203,246,0,1,1
13,24,311,203,238,0,1,1
14,17,408,203,252,0,1,1
15,14,568,203,253,0,0,0
16,24,417,203,252,0,1,1
17,20,529,203,241,0,1,1
18,27,499,203,239,0,0,0
19,19,546,203,242,0,1,1
20,26,428,203,245,0,1,1
21,20,594,203,241,0,0,0
22,14,680,203,254,0,0,0
23,34,267,203,244,0,1,1
24,37,212,203,203,1,1,1
25,27,581,203,236,0,0,0
26,28,572,203,244,0,1,1
27,8,250,203,250,0,1,1
28,22,85,203,203,1,1,1
29,23,366,203,253,0,1,1
30,24,376,203,238,0,1,1
31,58,624,203,249,0,1,1
32,20,276,203,240,0,1,1
33,23,369,203,239,0,1,1
34,10,246,203,246,0,1,1
35,10,0,203,203,1,1,1
36,8,237,203,203,1,1,1
37,15,270,203,245,0,1,1
38,18,246,203,245,0,1,1
39,17,12,203,203,1,1,1
40,12,0,203,203,1,1,1
41,26,265,203,203,1,0,1
42,22,249,203,245,0,1,1
43,23,221,203,203,1,1,1
44,12,243,203,242,0,1,1
45,15,0,203,203,1,1,1
46,11,0,203,203,1,1,1
47,19,333,203,203,1,0,1
48,19,364,203,235,0,1,1
49,27,439,203,234,0,1,1
50,10,237,203,236,0,1,1
51,11,0,203,203,1,1,1
52,11,357,203,203,1,0,1
53,20,243,203,241,0,1,1
54,16,152,203,203,1,1,1
55,158,527,203,215,1,1,1
56,181,325,203,209,1,1,1
57,109,222,203,203,1,1,1
58,45,636,203,252,1,0,1
59,62,657,203,237,0,0,0
60,51,668,203,255,0,0,0
61,45,704,203,254,0,0,0
62,74,701,203,255,0,0,0
63,64,684,203,253,0,1,1
64,47,706,203,246,0,0,0
65,97,704,203,249,0,1,1
66,73,717,203,246,0,1,1
67,67,767,203,244,0,0,0
68,45,762,203,247,0,0,0
69,76,769,203,250,0,0,0
70,75,730,203,250,0,1,1
71,74,749,203,250,0,1,1
72,90,749,203,251,0,1,1
73,81,770,203,239,0,0,0
74,80,777,203,257,0,0,0
75,68,761,203,256,0,0,0
76,68,757,203,250,0,0,0
77,75,746,203,263,0,0,0
78,65,770,203,251,0,0,0
79,41,703,203,254,0,0,0
80,56,664,203,250,0,0,0
81,21,528,203,250,0,0,0
82,16,380,203,247,0,1,1
83,18,403,203,244,0,1,1
84,47,642,203,241,0,0,0
85,14,253,203,246,0,1,1
86,38,16,203,203,1,1,1
87,16,352,203,203,1,0,1
88,45,650,203,237,0,0,0
89,29,255,203,239,0,1,1
90,25,186,203,203,1,1,1
91,12,244,203,238,0,1,1
92,21,4,203,203,1,1,1
93,33,387,203,203,1,1,1
94,21,538,203,253,0,0,0
95,33,566,203,250,0,1,1
96,40,614,203,242,0,1,1
97,66,676,203,241,0,0,0
98,38,589,203,253,0,1,1
99,34,618,203,256,0,0,0
100,12,388,203,241,0,1,1
MVS0409.02L SIGMA 100 Measurements per MVS | MVS Nr.: 13
MeasurementNr.,Pulses,Hightime[ms],t_vibration[ms],t_responce[ms],open_before_vibr[bool],open_after_vibr[bool],bad[bool]
1,77,761,203,262,0,0,0
2,82,813,203,260,0,0,0
3,82,773,203,263,0,0,0
4,110,787,203,258,0,0,0
5,82,776,203,256,0,1,1
6,87,763,203,253,0,0,0
7,100,753,203,256,0,1,1
8,82,791,203,252,0,0,0
9,76,794,203,254,0,0,0
10,59,776,203,261,0,0,0
11,45,788,203,265,0,0,0
12,28,768,203,258,0,0,0
13,166,804,203,271,0,0,0
14,77,782,203,252,0,0,0
15,96,816,203,259,0,0,0
16,81,810,203,252,0,0,0
17,90,795,203,263,0,1,1
18,76,794,203,260,0,1,1
19,59,780,203,254,0,0,0
20,72,785,203,260,0,0,0
21,89,758,203,261,0,0,0
22,84,744,203,260,0,0,0
23,76,730,203,259,0,0,0
24,84,748,203,255,0,0,0
25,64,736,203,253,0,1,1
26,65,751,203,259,0,1,1
27,79,788,203,257,0,0,0
28,101,789,203,258,0,0,0
29,84,796,203,254,0,0,0
30,104,794,203,262,0,1,1
31,60,816,203,263,0,0,0
32,133,782,203,248,0,0,0
33,105,794,203,265,0,0,0
34,93,769,203,267,0,0,0
35,80,786,203,245,0,0,0
36,80,753,203,252,0,0,0
37,34,789,203,265,0,0,0
38,86,794,203,278,0,0,0
39,63,775,203,268,0,0,0
40,57,821,203,267,0,0,0
41,55,753,203,266,0,0,0
42,79,743,203,253,0,0,0
43,71,753,203,252,0,0,0
44,107,789,203,254,0,1,1
45,122,774,203,248,0,0,0
46,85,785,203,247,0,0,0
47,62,816,203,255,0,0,0
48,71,801,203,256,0,0,0
49,103,781,203,263,0,0,0
50,84,812,203,258,0,0,0
51,97,815,203,262,0,0,0
52,106,815,203,250,0,1,1
53,122,768,203,258,0,1,1
54,155,791,203,262,0,1,1
55,110,776,203,249,0,1,1
56,86,805,203,266,0,0,0
57,99,787,203,266,0,0,0
58,55,793,203,259,0,0,0
59,41,829,203,268,0,0,0
60,126,774,203,246,0,0,0
61,73,792,203,251,0,0,0
62,83,758,203,272,0,0,0
63,70,780,203,259,0,0,0
64,83,800,203,260,0,1,1
65,124,780,203,260,0,0,0
66,83,773,203,258,0,0,0
67,67,771,203,259,0,0,0
68,112,760,203,257,0,1,1
69,72,722,203,252,0,0,0
70,89,740,203,264,0,0,0
71,76,749,203,245,0,0,0
72,59,759,203,256,0,0,0
73,70,751,203,258,0,0,0
74,92,784,203,266,0,0,0
75,94,753,203,255,0,0,0
76,87,772,203,256,0,0,0
77,114,749,203,268,0,0,0
78,60,793,203,260,0,0,0
79,100,795,203,245,0,0,0
80,95,781,203,254,0,0,0
81,111,776,203,268,0,1,1
82,85,796,203,268,0,0,0
83,163,792,203,249,0,1,1
84,100,789,203,260,0,0,0
85,101,765,203,254,0,0,0
86,72,775,203,264,0,0,0
87,91,767,203,254,0,0,0
88,102,807,203,268,0,0,0
89,93,758,203,253,0,0,0
90,85,766,203,268,0,0,0
91,77,791,203,263,0,0,0
92,105,799,203,253,0,1,1
93,95,792,203,266,0,1,1
94,77,773,203,258,0,1,1
95,90,765,203,254,0,0,0
96,71,792,203,259,0,0,0
97,99,823,203,261,0,0,0
98,87,818,203,267,0,0,0
99,131,742,203,268,0,0,0
100,105,799,203,253,0,0,0
MVS0409.02L SIGMA 100 Measurements per MVS | MVS Nr.: 14
MeasurementNr.,Pulses,Hightime[ms],t_vibration[ms],t_responce[ms],open_before_vibr[bool],open_after_vibr[bool],bad[bool]
1,50,693,203,254,0,0,0
2,51,616,203,263,0,1,1
3,83,754,203,257,0,1,1
4,79,630,203,261,0,1,1
5,77,679,203,261,0,1,1
6,107,765,203,262,0,1,1
7,46,755,203,262,0,1,1
8,47,767,203,260,0,0,0
9,57,806,203,258,0,0,0
10,61,754,203,252,0,0,0
11,78,736,203,262,0,1,1
12,70,740,203,256,0,1,1
13,47,769,203,251,0,0,0
14,72,687,203,260,0,0,0
15,51,730,203,246,0,1,1
16,44,751,203,256,0,0,0
17,58,711,203,267,0,0,0
18,73,651,203,262,0,1,1
19,40,760,203,260,0,0,0
20,56,773,203,257,0,0,0
21,45,754,203,257,0,0,0
22,49,727,203,256,0,0,0
23,93,703,203,250,0,1,1
24,57,728,203,255,0,0,0
25,40,734,203,262,0,0,0
26,66,758,203,264,0,1,1
27,100,672,203,262,0,1,1
28,60,735,203,263,0,1,1
29,100,689,203,259,0,1,1
30,48,753,203,252,0,0,0
31,94,673,203,251,0,1,1
32,59,753,203,263,0,1,1
33,37,763,203,263,0,0,0
34,96,642,203,262,0,1,1
35,109,684,203,260,0,1,1
36,63,770,203,257,0,0,0
37,48,772,203,251,0,0,0
38,84,655,203,262,0,1,1
39,86,754,203,256,0,1,1
40,78,629,203,256,0,1,1
41,30,746,203,258,0,0,0
42,78,628,203,263,0,1,1
43,44,651,203,260,0,1,1
44,52,556,203,256,0,1,1
45,41,779,203,258,0,0,0
46,65,738,203,264,0,0,0
47,67,657,203,256,0,0,0
48,49,595,203,260,0,1,1
49,40,732,203,259,0,0,0
50,54,754,203,265,0,0,0
51,58,740,203,264,0,1,1
52,81,576,203,269,0,1,1
53,54,643,203,259,0,1,1
54,73,733,203,265,0,0,0
55,106,558,203,255,0,1,1
56,73,576,203,257,0,1,1
57,56,742,203,258,0,0,0
58,55,761,203,262,0,0,0
59,62,643,203,267,0,1,1
60,55,514,203,257,0,1,1
61,45,759,203,259,0,0,0
62,85,720,203,265,0,1,1
63,33,752,203,245,0,0,0
64,69,574,203,258,0,1,1
65,76,772,203,255,0,0,0
66,108,709,203,254,0,1,1
67,55,779,203,257,0,0,0
68,56,765,203,251,0,0,0
69,46,665,203,255,0,1,1
70,79,667,203,254,0,1,1
71,51,682,203,261,0,1,1
72,50,762,203,268,0,0,0
73,68,639,203,254,0,1,1
74,64,741,203,264,0,1,1
75,71,684,203,256,0,1,1
76,47,726,203,261,0,0,0
77,72,617,203,251,0,1,1
78,79,722,203,253,0,1,1
79,95,748,203,261,0,1,1
80,53,752,203,257,0,0,0
81,46,755,203,258,0,0,0
82,92,739,203,262,0,1,1
83,57,766,203,257,0,0,0
84,53,757,203,252,0,0,0
85,67,434,203,261,0,1,1
86,85,502,203,203,1,1,1
87,54,738,203,256,0,0,0
88,38,749,203,254,0,0,0
89,39,778,203,263,0,0,0
90,78,634,203,263,0,1,1
91,89,488,203,255,0,1,1
92,80,709,203,255,0,1,1
93,101,691,203,265,0,1,1
94,67,561,203,261,0,1,1
95,54,507,203,259,0,1,1
96,73,594,203,255,0,1,1
97,76,658,203,254,0,1,1
98,43,677,203,268,0,0,0
99,73,645,203,256,0,1,1
100,80,558,203,263,0,1,1
MVS0409.02L SIGMA 100 Measurements per MVS | MVS Nr.: 15
MeasurementNr.,Pulses,Hightime[ms],t_vibration[ms],t_responce[ms],open_before_vibr[bool],open_after_vibr[bool],bad[bool]
1,70,761,203,262,0,0,0
2,71,766,203,267,0,0,0
3,45,761,203,263,0,0,0
4,42,747,203,264,0,0,0
5,36,788,203,259,0,0,0
6,89,752,203,260,0,1,1
7,88,748,203,265,0,1,1
8,47,693,203,265,0,0,0
9,37,808,203,259,0,0,0
10,83,670,203,266,0,1,1
11,51,715,203,254,0,0,0
12,67,652,203,250,0,0,0
13,85,578,203,264,0,1,1
14,82,734,203,251,0,0,0
15,58,772,203,251,0,0,0
16,76,759,203,253,0,0,0
17,61,805,203,266,0,0,0
18,66,725,203,253,0,0,0
19,52,751,203,251,0,0,0
20,69,772,203,260,0,0,0
21,61,732,203,262,0,1,1
22,52,789,203,257,0,1,1
23,60,761,203,257,0,1,1
24,44,758,203,269,0,0,0
25,59,746,203,254,0,1,1
26,52,753,203,259,0,0,0
27,71,807,203,257,0,1,1
28,82,648,203,264,0,1,1
29,55,802,203,266,0,0,0
30,54,778,203,253,0,0,0
31,46,747,203,266,0,0,0
32,25,304,203,260,0,1,1
33,64,511,203,203,1,1,1
34,98,730,203,268,0,1,1
35,58,761,203,264,0,0,0
36,91,768,203,257,0,1,1
37,64,750,203,263,0,1,1
38,60,745,203,257,0,0,0
39,56,756,203,261,0,1,1
40,34,717,203,254,0,0,0
41,69,746,203,257,0,1,1
42,101,748,203,271,0,1,1
43,75,787,203,253,0,1,1
44,74,754,203,256,0,1,1
45,76,668,203,256,0,1,1
46,47,775,203,243,0,0,0
47,45,759,203,264,0,0,0
48,70,750,203,263,0,1,1
49,97,759,203,259,0,1,1
50,84,729,203,268,0,1,1
51,69,766,203,268,0,0,0
52,92,764,203,256,0,1,1
53,62,785,203,262,0,0,0
54,84,758,203,264,0,1,1
55,73,757,203,249,0,1,1
56,64,809,203,275,0,0,0
57,60,767,203,263,0,0,0
58,61,638,203,255,0,1,1
59,59,774,203,249,0,0,0
60,44,760,203,265,0,0,0
61,48,779,203,259,0,0,0
62,66,722,203,256,0,0,0
63,83,713,203,264,0,1,1
64,37,780,203,268,0,0,0
65,41,756,203,254,0,0,0
66,71,646,203,268,0,1,1
67,91,745,203,265,0,0,0
68,50,796,203,272,0,0,0
69,40,751,203,274,0,1,1
70,61,723,203,268,0,1,1
71,87,689,203,268,0,0,0
72,79,619,203,254,0,1,1
73,77,747,203,250,0,0,0
74,49,741,203,261,0,1,1
75,55,765,203,259,0,1,1
76,46,730,203,266,0,0,0
77,30,746,203,268,0,0,0
78,57,759,203,261,0,1,1
79,34,746,203,258,0,0,0
80,70,746,203,267,0,0,0
81,90,555,203,252,0,1,1
82,36,539,203,262,1,0,1
83,64,734,203,266,0,0,0
84,73,759,203,266,0,1,1
85,39,750,203,268,0,0,0
86,84,749,203,261,0,1,1
87,34,760,203,257,0,0,0
88,80,688,203,255,0,1,1
89,46,752,203,259,0,0,0
90,74,682,203,275,0,1,1
91,85,772,203,264,0,0,0
92,57,768,203,266,0,1,1
93,77,717,203,261,0,1,1
94,65,760,203,253,0,0,0
95,45,798,203,259,0,0,0
96,98,753,203,259,0,1,1
97,38,616,203,263,0,0,0
98,50,703,203,241,0,0,0
99,53,619,203,247,0,1,1
100,45,707,203,252,0,1,1
MVS0409.02L SIGMA 100 Measurements per MVS | MVS Nr.: 16
MeasurementNr.,Pulses,Hightime[ms],t_vibration[ms],t_responce[ms],open_before_vibr[bool],open_after_vibr[bool],bad[bool]
1,80,769,203,253,0,0,0
2,72,782,203,252,0,0,0
3,76,749,203,252,0,0,0
4,67,756,203,245,0,0,0
5,55,782,203,263,0,0,0
6,52,782,203,258,0,0,0
7,75,767,203,263,0,0,0
8,81,765,203,255,0,1,1
9,101,728,203,266,0,1,1
10,65,748,203,250,0,0,0
11,52,768,203,247,0,0,0
12,60,760,203,262,0,0,0
13,65,754,203,256,0,0,0
14,43,796,203,238,0,0,0
15,62,755,203,260,0,0,0
16,61,788,203,258,0,1,1
17,74,732,203,257,0,0,0
18,67,761,203,248,0,0,0
19,70,757,203,254,0,0,0
20,66,764,203,257,0,1,1
21,90,755,203,258,0,1,1
22,53,792,203,263,0,0,0
23,81,757,203,266,0,1,1
24,62,762,203,259,0,0,0
25,98,731,203,260,0,1,1
26,60,761,203,260,0,0,0
27,58,776,203,266,0,0,0
28,136,744,203,263,0,1,1
29,74,757,203,258,0,0,0
30,51,776,203,265,0,0,0
31,62,730,203,254,0,1,1
32,62,768,203,264,0,1,1
33,41,766,203,260,0,0,0
34,77,744,203,256,0,1,1
35,98,726,203,260,0,1,1
36,64,744,203,261,0,0,0
37,70,743,203,256,0,1,1
38,52,763,203,259,0,0,0
39,61,747,203,255,0,0,0
40,59,754,203,249,0,1,1
41,86,754,203,265,0,1,1
42,39,775,203,255,0,0,0
43,85,755,203,268,0,1,1
44,62,758,203,265,0,0,0
45,65,772,203,267,0,0,0
46,64,750,203,263,0,0,0
47,40,744,203,259,0,0,0
48,51,755,203,251,0,1,1
49,55,747,203,265,0,0,0
50,59,755,203,272,0,0,0
51,39,771,203,252,0,0,0
52,68,783,203,255,0,0,0
53,52,743,203,259,0,0,0
54,43,744,203,264,0,0,0
55,67,770,203,261,0,0,0
56,48,742,203,243,0,0,0
57,73,738,203,261,0,0,0
58,84,740,203,257,0,1,1
59,59,748,203,255,0,0,0
60,59,740,203,260,0,0,0
61,64,738,203,259,0,0,0
62,62,745,203,253,0,0,0
63,65,759,203,258,0,0,0
64,51,768,203,256,0,0,0
65,57,756,203,255,0,0,0
66,125,699,203,263,0,1,1
67,86,765,203,259,0,0,0
68,89,780,203,251,0,0,0
69,52,783,203,257,0,0,0
70,99,743,203,265,0,1,1
71,79,730,203,259,0,0,0
72,64,737,203,259,0,0,0
73,62,740,203,258,0,0,0
74,33,789,203,263,0,0,0
75,57,750,203,260,0,0,0
76,50,750,203,259,0,0,0
77,67,737,203,256,0,0,0
78,72,749,203,257,0,0,0
79,77,766,203,255,0,0,0
80,89,716,203,255,0,1,1
81,70,747,203,262,0,0,0
82,94,736,203,251,0,1,1
83,61,774,203,264,0,0,0
84,77,777,203,265,0,0,0
85,55,756,203,245,0,0,0
86,47,765,203,256,0,0,0
87,64,723,203,249,0,0,0
88,50,743,203,256,0,0,0
89,76,759,203,257,0,0,0
90,104,751,203,250,0,1,1
91,98,746,203,256,0,1,1
92,49,760,203,261,0,0,0
93,71,753,203,257,0,0,0
94,56,748,203,256,0,0,0
95,41,733,203,256,0,0,0
96,92,756,203,259,0,0,0
97,70,759,203,264,0,1,1
98,58,762,203,262,0,1,1
99,81,757,203,262,0,0,0
100,84,747,203,259,0,1,1
MVS0409.02L SIGMA 100 Measurements per MVS | MVS Nr.: 17
MeasurementNr.,Pulses,Hightime[ms],t_vibration[ms],t_responce[ms],open_before_vibr[bool],open_after_vibr[bool],bad[bool]
1,88,743,203,267,0,0,0
2,64,737,203,244,0,0,0
3,71,753,203,248,0,1,1
4,68,764,203,250,0,0,0
5,107,709,203,257,0,1,1
6,58,743,203,258,0,0,0
7,48,754,203,244,0,0,0
8,69,727,203,269,0,0,0
9,43,724,203,265,0,0,0
10,64,721,203,259,0,1,1
11,41,715,203,255,0,0,0
12,60,737,203,246,0,0,0
13,70,750,203,256,0,0,0
14,79,682,203,251,0,1,1
15,39,707,203,265,0,0,0
16,49,707,203,262,0,0,0
17,80,693,203,261,0,1,1
18,52,671,203,249,0,0,0
19,63,689,203,252,0,0,0
20,54,743,203,267,0,0,0
21,84,729,203,258,0,0,0
22,60,745,203,277,0,0,0
23,53,729,203,265,0,0,0
24,109,705,203,267,0,1,1
25,87,722,203,258,0,0,0
26,78,745,203,268,0,0,0
27,74,751,203,265,0,0,0
28,100,695,203,267,0,0,0
29,85,704,203,239,0,1,1
30,88,723,203,252,0,0,0
31,55,701,203,264,0,0,0
32,87,699,203,243,0,0,0
33,81,715,203,257,0,0,0
34,62,747,203,249,0,1,1
35,68,749,203,256,0,0,0
36,66,738,203,265,0,0,0
37,64,744,203,263,0,0,0
38,82,680,203,249,0,0,0
39,56,725,203,254,0,0,0
40,93,719,203,267,0,0,0
41,75,718,203,265,0,1,1
42,88,702,203,249,0,0,0
43,71,731,203,260,0,1,1
44,57,705,203,248,0,0,0
45,63,736,203,261,0,0,0
46,54,725,203,265,0,0,0
47,33,701,203,263,0,0,0
48,54,716,203,262,0,0,0
49,54,724,203,248,0,1,1
50,55,719,203,252,0,0,0
51,52,699,203,251,0,1,1
52,63,740,203,241,0,1,1
53,77,724,203,258,0,0,0
54,41,764,203,258,0,0,0
55,56,719,203,256,0,0,0
56,54,739,203,266,0,0,0
57,80,723,203,259,0,0,0
58,86,745,203,257,0,0,0
59,65,740,203,267,0,0,0
60,67,732,203,260,0,0,0
61,55,707,203,258,0,0,0
62,50,721,203,266,0,0,0
63,65,705,203,251,0,1,1
64,56,668,203,244,0,0,0
65,57,705,203,264,0,0,0
66,69,711,203,251,0,0,0
67,75,708,203,248,0,0,0
68,101,687,203,251,0,1,1
69,83,721,203,251,0,0,0
70,62,712,203,265,0,1,1
71,99,732,203,262,0,1,1
72,57,709,203,254,0,0,0
73,52,713,203,251,0,0,0
74,54,690,203,250,0,0,0
75,83,724,203,261,0,0,0
76,70,678,203,251,0,0,0
77,51,702,203,247,0,0,0
78,95,693,203,257,0,1,1
79,101,716,203,251,0,1,1
80,63,740,203,265,0,1,1
81,79,725,203,246,0,0,0
82,47,743,203,266,0,0,0
83,39,708,203,250,0,0,0
84,66,749,203,251,0,1,1
85,54,770,203,274,0,1,1
86,60,761,203,255,0,0,0
87,39,714,203,260,0,0,0
88,48,712,203,265,0,1,1
89,72,672,203,253,0,1,1
90,81,693,203,247,0,0,0
91,66,714,203,254,0,0,0
92,81,730,203,264,0,1,1
93,67,698,203,240,0,1,1
94,48,731,203,264,0,0,0
95,55,715,203,267,0,0,0
96,67,699,203,262,0,0,0
97,48,709,203,257,0,0,0
98,65,755,203,255,0,0,0
99,51,712,203,247,0,0,0
100,50,721,203,256,0,0,0
MVS0409.02L SIGMA 100 Measurements per MVS | MVS Nr.: 18
MeasurementNr.,Pulses,Hightime[ms],t_vibration[ms],t_responce[ms],open_before_vibr[bool],open_after_vibr[bool],bad[bool]
1,69,726,203,263,0,1,1
2,58,746,203,251,0,0,0
3,72,699,203,249,0,0,0
4,108,702,203,243,0,1,1
5,79,663,203,246,0,1,1
6,66,721,203,253,0,0,0
7,77,699,203,235,0,1,1
8,89,665,203,250,0,1,1
9,78,675,203,250,0,1,1
10,56,683,203,255,0,1,1
11,75,677,203,252,0,1,1
12,62,685,203,260,0,0,0
13,90,720,203,261,0,0,0
14,86,741,203,255,0,1,1
15,66,732,203,256,0,1,1
16,68,724,203,258,0,0,0
17,69,714,203,261,0,0,0
18,74,710,203,251,0,1,1
19,74,715,203,250,0,1,1
20,62,711,203,250,0,1,1
21,71,735,203,255,0,1,1
22,56,671,203,250,0,0,0
23,39,693,203,260,0,0,0
24,73,662,203,254,0,0,0
25,81,687,203,250,0,1,1
26,51,686,203,248,0,0,0
27,74,726,203,262,0,1,1
28,77,723,203,251,0,1,1
29,93,751,203,254,0,1,1
30,52,684,203,256,0,1,1
31,73,709,203,254,0,1,1
32,74,714,203,253,0,1,1
33,31,771,203,253,0,0,0
34,65,684,203,262,0,0,0
35,64,731,203,245,0,1,1
36,73,671,203,247,0,1,1
37,78,733,203,262,0,1,1
38,68,691,203,251,0,0,0
39,62,727,203,256,0,0,0
40,71,760,203,251,0,1,1
41,52,760,203,263,0,0,0
42,74,742,203,243,0,1,1
43,92,754,203,252,0,1,1
44,74,756,203,259,0,1,1
45,66,692,203,249,0,1,1
46,78,693,203,244,0,1,1
47,54,618,203,247,0,1,1
48,59,700,203,248,0,0,0
49,58,727,203,256,0,0,0
50,33,734,203,259,0,0,0
51,54,697,203,259,0,1,1
52,54,739,203,247,0,1,1
53,53,734,203,251,0,0,0
54,62,686,203,254,0,1,1
55,75,684,203,258,0,0,0
56,50,728,203,259,0,1,1
57,50,732,203,254,0,0,0
58,91,706,203,259,0,1,1
59,51,721,203,256,0,0,0
60,62,637,203,245,0,0,0
61,61,703,203,249,0,0,0
62,74,715,203,250,0,1,1
63,74,657,203,261,0,1,1
64,50,665,203,248,0,1,1
65,86,677,203,269,0,1,1
66,69,664,203,246,0,1,1
67,72,678,203,249,0,1,1
68,66,716,203,243,0,0,0
69,76,688,203,247,0,1,1
70,57,686,203,256,0,0,0
71,80,690,203,243,0,1,1
72,93,700,203,250,0,1,1
73,86,683,203,250,0,1,1
74,50,716,203,250,0,0,0
75,89,716,203,262,0,1,1
76,76,743,203,256,0,1,1
77,104,740,203,258,0,1,1
78,63,743,203,255,0,0,0
79,82,733,203,248,0,0,0
80,93,682,203,238,0,1,1
81,49,751,203,246,0,1,1
82,70,699,203,247,0,0,0
83,59,763,203,248,0,0,0
84,77,738,203,256,0,1,1
85,66,666,203,249,0,1,1
86,65,715,203,256,0,0,0
87,59,691,203,262,0,1,1
88,55,690,203,253,0,1,1
89,55,697,203,256,0,0,0
90,51,710,203,253,0,0,0
91,47,747,203,249,0,1,1
92,71,762,203,263,0,0,0
93,54,753,203,245,0,0,0
94,62,727,203,245,0,1,1
95,72,726,203,255,0,1,1
96,93,685,203,253,0,0,0
97,71,740,203,254,0,1,1
98,69,728,203,257,0,1,1
99,102,714,203,256,0,0,0
100,46,680,203,254,0,0,0
MVS0409.02L SIGMA 100 Measurements per MVS | MVS Nr.: 19
MeasurementNr.,Pulses,Hightime[ms],t_vibration[ms],t_responce[ms],open_before_vibr[bool],open_after_vibr[bool],bad[bool]
1,72,751,203,252,0,0,0
2,110,765,203,250,0,1,1
3,57,752,203,239,0,0,0
4,66,730,203,236,0,0,0
5,68,752,203,247,0,0,0
6,62,724,203,249,0,0,0
7,100,726,203,234,0,0,0
8,97,745,203,254,0,1,1
9,56,764,203,256,0,1,1
10,106,676,203,246,0,1,1
11,63,747,203,254,0,0,0
12,41,741,203,254,0,1,1
13,75,766,203,264,0,1,1
14,94,713,203,255,0,1,1
15,48,752,203,251,0,0,0
16,42,713,203,247,0,0,0
17,58,759,203,243,0,0,0
18,44,704,203,242,0,0,0
19,62,652,203,245,0,1,1
20,67,717,203,250,0,1,1
21,62,673,203,245,0,1,1
22,54,721,203,244,0,0,0
23,48,711,203,254,0,1,1
24,40,715,203,247,0,0,0
25,69,691,203,236,0,1,1
26,41,670,203,255,0,0,0
27,35,689,203,252,0,1,1
28,33,672,203,242,0,0,0
29,37,703,203,266,0,0,0
30,38,685,203,253,0,0,0
31,35,691,203,252,0,0,0
32,68,687,203,246,0,1,1
33,43,754,203,263,0,1,1
34,92,729,203,253,0,1,1
35,55,759,203,247,0,0,0
36,51,713,203,256,0,1,1
37,49,721,203,257,0,1,1
38,54,750,203,250,0,1,1
39,76,744,203,252,0,1,1
40,53,725,203,247,0,1,1
41,60,731,203,247,0,0,0
42,56,764,203,253,0,0,0
43,59,737,203,253,0,0,0
44,38,763,203,245,0,0,0
45,128,702,203,243,0,1,1
46,63,703,203,248,0,0,0
47,48,698,203,253,0,0,0
48,53,710,203,254,0,0,0
49,58,699,203,260,0,1,1
50,66,749,203,260,0,1,1
51,59,695,203,250,0,1,1
52,44,747,203,269,0,1,1
53,27,643,203,249,0,1,1
54,76,732,203,243,0,1,1
55,45,756,203,257,0,0,0
56,41,749,203,250,0,0,0
57,84,704,203,257,0,0,0
58,66,723,203,254,0,0,0
59,77,729,203,252,0,1,1
60,54,762,203,254,0,0,0
61,64,736,203,254,0,1,1
62,66,779,203,255,0,1,1
63,57,734,203,249,0,1,1
64,72,716,203,253,0,1,1
65,71,702,203,237,0,1,1
66,74,679,203,245,0,1,1
67,60,759,203,251,0,0,0
68,63,747,203,252,0,1,1
69,74,746,203,260,0,1,1
70,64,781,203,255,0,0,0
71,54,794,203,260,0,0,0
72,53,806,203,253,0,0,0
73,65,782,203,259,0,1,1
74,73,765,203,255,0,1,1
75,52,777,203,237,0,0,0
76,82,739,203,252,0,1,1
77,62,767,203,252,0,1,1
78,102,739,203,256,0,0,0
79,109,778,203,245,0,1,1
80,80,778,203,238,0,0,0
81,91,739,203,254,0,0,0
82,83,706,203,247,0,0,0
83,45,701,203,263,0,1,1
84,71,665,203,250,0,1,1
85,65,768,203,249,0,0,0
86,63,732,203,250,0,0,0
87,60,700,203,257,0,0,0
88,67,733,203,250,0,1,1
89,72,707,203,249,0,1,1
90,74,740,203,252,0,0,0
91,57,743,203,251,0,1,1
92,63,727,203,256,0,1,1
93,42,771,203,262,0,0,0
94,68,732,203,248,0,1,1
95,59,765,203,257,0,1,1
96,66,740,203,254,0,0,0
97,65,722,203,246,0,0,0
98,57,704,203,247,0,1,1
99,37,667,203,253,0,1,1
100,106,672,203,255,0,1,1
MVS0409.02L SIGMA 100 Measurements per MVS | MVS Nr.: 20
MeasurementNr.,Pulses,Hightime[ms],t_vibration[ms],t_responce[ms],open_before_vibr[bool],open_after_vibr[bool],bad[bool]
1,44,703,203,257,0,0,0
2,28,661,203,246,0,0,0
3,44,696,203,245,0,0,0
4,48,681,203,252,0,0,0
5,75,680,203,250,0,1,1
6,50,690,203,253,0,0,0
7,46,695,203,248,0,0,0
8,49,673,203,244,0,0,0
9,34,683,203,258,0,0,0
10,48,683,203,246,0,0,0
11,64,727,203,255,0,0,0
12,82,715,203,256,0,0,0
13,87,720,203,264,0,0,0
14,80,731,203,249,0,0,0
15,64,718,203,267,0,0,0
16,68,729,203,272,0,0,0
17,54,715,203,271,0,0,0
18,56,709,203,267,0,0,0
19,43,683,203,249,0,0,0
20,47,660,203,253,0,0,0
21,23,699,203,266,0,0,0
22,34,666,203,255,0,0,0
23,40,642,203,246,0,0,0
24,36,662,203,250,0,0,0
25,40,653,203,249,0,0,0
26,46,697,203,247,0,0,0
27,72,731,203,257,0,0,0
28,61,732,203,250,0,0,0
29,55,752,203,264,0,0,0
30,47,742,203,259,0,0,0
31,44,714,203,271,0,0,0
32,44,683,203,236,0,0,0
33,47,642,203,251,0,0,0
34,37,665,203,255,0,0,0
35,36,708,203,268,0,0,0
36,31,701,203,251,0,0,0
37,53,699,203,244,0,0,0
38,61,696,203,259,0,0,0
39,55,698,203,264,0,0,0
40,33,695,203,254,0,0,0
41,45,631,203,251,0,0,0
42,47,727,203,256,0,0,0
43,52,683,203,263,0,0,0
44,47,681,203,246,0,0,0
45,47,665,203,242,0,0,0
46,62,687,203,250,0,0,0
47,37,674,203,249,0,0,0
48,52,709,203,266,0,0,0
49,52,676,203,240,0,0,0
50,26,658,203,265,0,0,0
51,40,664,203,244,0,0,0
52,45,711,203,256,0,0,0
53,50,651,203,250,0,0,0
54,60,686,203,251,0,0,0
55,46,684,203,259,0,0,0
56,21,703,203,262,0,0,0
57,59,714,203,249,0,0,0
58,63,728,203,272,0,0,0
59,70,712,203,263,0,0,0
60,63,739,203,261,0,0,0
61,69,707,203,270,0,0,0
62,43,670,203,266,0,0,0
63,53,658,203,245,0,0,0
64,22,715,203,262,0,0,0
65,39,668,203,257,0,0,0
66,38,672,203,250,0,0,0
67,38,629,203,249,0,0,0
68,32,638,203,249,0,0,0
69,45,639,203,251,0,0,0
70,33,644,203,255,0,0,0
71,37,691,203,254,0,0,0
72,51,703,203,254,0,0,0
73,32,702,203,258,0,0,0
74,62,692,203,249,0,0,0
75,55,718,203,253,0,0,0
76,28,713,203,259,0,0,0
77,49,711,203,268,0,0,0
78,39,651,203,247,0,0,0
79,31,657,203,265,0,0,0
80,42,658,203,245,0,0,0
81,44,634,203,249,0,0,0
82,36,615,203,254,0,0,0
83,28,685,203,243,0,0,0
84,43,721,203,247,0,0,0
85,36,718,203,251,0,0,0
86,55,726,203,249,0,0,0
87,58,745,203,252,0,0,0
88,45,732,203,268,0,0,0
89,46,689,203,252,0,0,0
90,51,701,203,266,0,0,0
91,46,729,203,266,0,0,0
92,54,709,203,256,0,0,0
93,60,680,203,255,0,0,0
94,48,661,203,251,0,1,1
95,60,716,203,245,0,0,0
96,63,683,203,256,0,0,0
97,31,690,203,256,0,0,0
98,48,680,203,250,0,0,0
99,58,645,203,248,0,0,0
100,48,684,203,265,0,0,0
